Block_ID,Hospital_Name,Travel_Time_Seconds
11001005302,CHILDREN'S NATIONAL MEDICAL CENTER,1622
11001005302,GEORGE WASHINGTON UNIVERSITY HOSPITAL,1465
11001005302,HOWARD UNIVERSITY HOSPITAL,1275
11001005302,MEDSTAR - GEORGETOWN UNIVERSITY HOSPITAL,1509
11001005302,MEDSTAR NATIONAL REHABILITATION HOSPITAL,1880
11001005302,MEDSTAR WASHINGTON HOSPITAL CENTER,2041
11001005302,PSYCHIATRIC INSTITUTE OF WASHINGTON,2270
11001005302,SIBLEY MEMORIAL HOSPITAL,2400
11001005302,BRIDGEPOINT HOSPITAL CAPITOL HILL,1862
11001005302,WASHINGTON VA MEDICAL CENTER,1927
11001004402,CHILDREN'S NATIONAL MEDICAL CENTER,1813
11001004402,GEORGE WASHINGTON UNIVERSITY HOSPITAL,2176
11001004402,HOSPITAL FOR SICK CHILDREN AND PEDIATRIC CENTER,2591
11001004402,HOWARD UNIVERSITY HOSPITAL,772
11001004402,MEDSTAR NATIONAL REHABILITATION HOSPITAL,2071
11001004402,MEDSTAR WASHINGTON HOSPITAL CENTER,2232
11001004402,PROVIDENCE HOSPITAL,2068
11001004402,PSYCHIATRIC INSTITUTE OF WASHINGTON,2222
11001004402,BRIDGEPOINT HOSPITAL CAPITOL HILL,1393
11001004402,SAINT ELIZABETH'S HOSPITAL,2043
11001004402,WASHINGTON VA MEDICAL CENTER,2118
11001010602,CHILDREN'S NATIONAL MEDICAL CENTER,2069
11001010602,GEORGE WASHINGTON UNIVERSITY HOSPITAL,1898
11001010602,HOSPITAL FOR SICK CHILDREN AND PEDIATRIC CENTER,2529
11001010602,HOWARD UNIVERSITY HOSPITAL,1203
11001010602,MEDSTAR NATIONAL REHABILITATION HOSPITAL,2149
11001010602,MEDSTAR WASHINGTON HOSPITAL CENTER,2296
11001010602,PROVIDENCE HOSPITAL,2093
11001010602,PSYCHIATRIC INSTITUTE OF WASHINGTON,2458
11001010602,BRIDGEPOINT HOSPITAL CAPITOL HILL,820
11001010602,WASHINGTON VA MEDICAL CENTER,2188
11001000804,MEDSTAR - GEORGETOWN UNIVERSITY HOSPITAL,2627
11001000804,SIBLEY MEMORIAL HOSPITAL,1229
11001003902,CHILDREN'S NATIONAL MEDICAL CENTER,1538
11001003902,GEORGE WASHINGTON UNIVERSITY HOSPITAL,2067
11001003902,HOWARD UNIVERSITY HOSPITAL,1285
11001003902,MEDSTAR NATIONAL REHABILITATION HOSPITAL,1796
11001003902,MEDSTAR WASHINGTON HOSPITAL CENTER,1957
11001003902,PSYCHIATRIC INSTITUTE OF WASHINGTON,1190
11001003902,BRIDGEPOINT HOSPITAL CAPITOL HILL,1970
11001003902,WASHINGTON VA MEDICAL CENTER,1843
11001000903,PSYCHIATRIC INSTITUTE OF WASHINGTON,1705
11001000903,SIBLEY MEMORIAL HOSPITAL,1392
11001001004,CHILDREN'S NATIONAL MEDICAL CENTER,2050
11001001004,GEORGE WASHINGTON UNIVERSITY HOSPITAL,1972
11001001004,MEDSTAR - GEORGETOWN UNIVERSITY HOSPITAL,2132
11001001004,MEDSTAR NATIONAL REHABILITATION HOSPITAL,2308
11001001004,MEDSTAR WASHINGTON HOSPITAL CENTER,2469
11001001004,PSYCHIATRIC INSTITUTE OF WASHINGTON,769
11001001004,WASHINGTON VA MEDICAL CENTER,2355
11001000102,GEORGE WASHINGTON UNIVERSITY HOSPITAL,383
11001000102,HOWARD UNIVERSITY HOSPITAL,2289
11001000102,MEDSTAR - GEORGETOWN UNIVERSITY HOSPITAL,973
11001000102,PSYCHIATRIC INSTITUTE OF WASHINGTON,957
11001000102,SIBLEY MEMORIAL HOSPITAL,1864
11001003701,CHILDREN'S NATIONAL MEDICAL CENTER,1364
11001003701,GEORGE WASHINGTON UNIVERSITY HOSPITAL,1747
11001003701,HOWARD UNIVERSITY HOSPITAL,1277
11001003701,MEDSTAR NATIONAL REHABILITATION HOSPITAL,1622
11001003701,MEDSTAR WASHINGTON HOSPITAL CENTER,1783
11001003701,PSYCHIATRIC INSTITUTE OF WASHINGTON,1550
11001003701,BRIDGEPOINT HOSPITAL CAPITOL HILL,1830
11001003701,SAINT ELIZABETH'S HOSPITAL,2542
11001003701,WASHINGTON VA MEDICAL CENTER,1669
11001002504,CHILDREN'S NATIONAL MEDICAL CENTER,1493
11001002504,GEORGE WASHINGTON UNIVERSITY HOSPITAL,2182
11001002504,HOWARD UNIVERSITY HOSPITAL,1429
11001002504,MEDSTAR NATIONAL REHABILITATION HOSPITAL,1751
11001002504,MEDSTAR WASHINGTON HOSPITAL CENTER,1912
11001002504,PSYCHIATRIC INSTITUTE OF WASHINGTON,2127
11001002504,BRIDGEPOINT HOSPITAL CAPITOL HILL,2172
11001002504,WASHINGTON VA MEDICAL CENTER,1798
11001000101,GEORGE WASHINGTON UNIVERSITY HOSPITAL,890
11001000101,MEDSTAR - GEORGETOWN UNIVERSITY HOSPITAL,802
11001000101,PSYCHIATRIC INSTITUTE OF WASHINGTON,1466
11001000101,SIBLEY MEMORIAL HOSPITAL,1693
11001000703,CHILDREN'S NATIONAL MEDICAL CENTER,2113
11001000703,GEORGE WASHINGTON UNIVERSITY HOSPITAL,1513
11001000703,MEDSTAR - GEORGETOWN UNIVERSITY HOSPITAL,1673
11001000703,MEDSTAR NATIONAL REHABILITATION HOSPITAL,2371
11001000703,MEDSTAR WASHINGTON HOSPITAL CENTER,2532
11001000703,PSYCHIATRIC INSTITUTE OF WASHINGTON,934
11001000703,SIBLEY MEMORIAL HOSPITAL,2530
11001000703,WASHINGTON VA MEDICAL CENTER,2418
11001003901,CHILDREN'S NATIONAL MEDICAL CENTER,1052
11001003901,GEORGE WASHINGTON UNIVERSITY HOSPITAL,2134
11001003901,HOWARD UNIVERSITY HOSPITAL,1352
11001003901,MEDSTAR NATIONAL REHABILITATION HOSPITAL,1310
11001003901,MEDSTAR WASHINGTON HOSPITAL CENTER,1471
11001003901,PSYCHIATRIC INSTITUTE OF WASHINGTON,1036
11001003901,BRIDGEPOINT HOSPITAL CAPITOL HILL,1966
11001003901,SAINT ELIZABETH'S HOSPITAL,2658
11001003901,WASHINGTON VA MEDICAL CENTER,1357
11001004401,CHILDREN'S NATIONAL MEDICAL CENTER,1641
11001004401,GEORGE WASHINGTON UNIVERSITY HOSPITAL,2101
11001004401,HOWARD UNIVERSITY HOSPITAL,807
11001004401,MEDSTAR NATIONAL REHABILITATION HOSPITAL,1764
11001004401,MEDSTAR WASHINGTON HOSPITAL CENTER,2010
11001004401,PSYCHIATRIC INSTITUTE OF WASHINGTON,2240
11001004401,BRIDGEPOINT HOSPITAL CAPITOL HILL,1362
11001004401,SAINT ELIZABETH'S HOSPITAL,2045
11001004401,UNITED MEDICAL CENTER,2667
11001004401,WASHINGTON VA MEDICAL CENTER,1811
11001001003,CHILDREN'S NATIONAL MEDICAL CENTER,2518
11001001003,GEORGE WASHINGTON UNIVERSITY HOSPITAL,2307
11001001003,MEDSTAR - GEORGETOWN UNIVERSITY HOSPITAL,2591
11001001003,PSYCHIATRIC INSTITUTE OF WASHINGTON,1527
11001001003,SIBLEY MEMORIAL HOSPITAL,2309
11001003802,CHILDREN'S NATIONAL MEDICAL CENTER,1244
11001003802,GEORGE WASHINGTON UNIVERSITY HOSPITAL,1800
11001003802,HOWARD UNIVERSITY HOSPITAL,1228
11001003802,MEDSTAR NATIONAL REHABILITATION HOSPITAL,1502
11001003802,MEDSTAR WASHINGTON HOSPITAL CENTER,1663
11001003802,PSYCHIATRIC INSTITUTE OF WASHINGTON,1287
11001003802,BRIDGEPOINT HOSPITAL CAPITOL HILL,1907
11001003802,WASHINGTON VA MEDICAL CENTER,1549
11001002703,CHILDREN'S NATIONAL MEDICAL CENTER,814
11001002703,GEORGE WASHINGTON UNIVERSITY HOSPITAL,2156
11001002703,HOWARD UNIVERSITY HOSPITAL,1582
11001002703,MEDSTAR NATIONAL REHABILITATION HOSPITAL,1072
11001002703,MEDSTAR WASHINGTON HOSPITAL CENTER,1233
11001002703,PSYCHIATRIC INSTITUTE OF WASHINGTON,1220
11001002703,WASHINGTON VA MEDICAL CENTER,1119
11001003702,CHILDREN'S NATIONAL MEDICAL CENTER,1062
11001003702,GEORGE WASHINGTON UNIVERSITY HOSPITAL,1849
11001003702,HOWARD UNIVERSITY HOSPITAL,1632
11001003702,MEDSTAR NATIONAL REHABILITATION HOSPITAL,1320
11001003702,MEDSTAR WASHINGTON HOSPITAL CENTER,1481
11001003702,PSYCHIATRIC INSTITUTE OF WASHINGTON,1204
11001003702,BRIDGEPOINT HOSPITAL CAPITOL HILL,2618
11001003702,SAINT ELIZABETH'S HOSPITAL,2549
11001003702,WASHINGTON VA MEDICAL CENTER,1367
11001000803,GEORGE WASHINGTON UNIVERSITY HOSPITAL,2161
11001000803,MEDSTAR - GEORGETOWN UNIVERSITY HOSPITAL,2414
11001000803,PSYCHIATRIC INSTITUTE OF WASHINGTON,1905
11001000803,SIBLEY MEMORIAL HOSPITAL,2126
11001003801,CHILDREN'S NATIONAL MEDICAL CENTER,1392
11001003801,GEORGE WASHINGTON UNIVERSITY HOSPITAL,1727
11001003801,HOWARD UNIVERSITY HOSPITAL,1356
11001003801,MEDSTAR NATIONAL REHABILITATION HOSPITAL,1664
11001003801,MEDSTAR WASHINGTON HOSPITAL CENTER,1825
11001003801,PSYCHIATRIC INSTITUTE OF WASHINGTON,1870
11001003801,SIBLEY MEMORIAL HOSPITAL,2690
11001003801,BRIDGEPOINT HOSPITAL CAPITOL HILL,2087
11001003801,WASHINGTON VA MEDICAL CENTER,1711
11001000904,MEDSTAR - GEORGETOWN UNIVERSITY HOSPITAL,1838
11001000904,PSYCHIATRIC INSTITUTE OF WASHINGTON,2527
11001000904,SIBLEY MEMORIAL HOSPITAL,1005
11001000704,CHILDREN'S NATIONAL MEDICAL CENTER,2017
11001000704,GEORGE WASHINGTON UNIVERSITY HOSPITAL,1257
11001000704,MEDSTAR - GEORGETOWN UNIVERSITY HOSPITAL,1417
11001000704,MEDSTAR NATIONAL REHABILITATION HOSPITAL,2275
11001000704,MEDSTAR WASHINGTON HOSPITAL CENTER,2436
11001000704,PSYCHIATRIC INSTITUTE OF WASHINGTON,682
11001000704,WASHINGTON VA MEDICAL CENTER,2322
11001001304,CHILDREN'S NATIONAL MEDICAL CENTER,1259
11001001304,GEORGE WASHINGTON UNIVERSITY HOSPITAL,2274
11001001304,HOWARD UNIVERSITY HOSPITAL,2082
11001001304,MEDSTAR NATIONAL REHABILITATION HOSPITAL,1517
11001001304,MEDSTAR WASHINGTON HOSPITAL CENTER,1678
11001001304,PSYCHIATRIC INSTITUTE OF WASHINGTON,934
11001001304,WASHINGTON VA MEDICAL CENTER,1564
11001001303,CHILDREN'S NATIONAL MEDICAL CENTER,2014
11001001303,GEORGE WASHINGTON UNIVERSITY HOSPITAL,2491
11001001303,MEDSTAR NATIONAL REHABILITATION HOSPITAL,2272
11001001303,MEDSTAR WASHINGTON HOSPITAL CENTER,2433
11001001303,PSYCHIATRIC INSTITUTE OF WASHINGTON,911
11001001303,WASHINGTON VA MEDICAL CENTER,2319
11001002704,CHILDREN'S NATIONAL MEDICAL CENTER,1067
11001002704,GEORGE WASHINGTON UNIVERSITY HOSPITAL,2337
11001002704,HOWARD UNIVERSITY HOSPITAL,1862
11001002704,MEDSTAR NATIONAL REHABILITATION HOSPITAL,1325
11001002704,MEDSTAR WASHINGTON HOSPITAL CENTER,1486
11001002704,PSYCHIATRIC INSTITUTE OF WASHINGTON,1124
11001002704,WASHINGTON VA MEDICAL CENTER,1372
11001002503,CHILDREN'S NATIONAL MEDICAL CENTER,1890
11001002503,HOSPITAL FOR SICK CHILDREN AND PEDIATRIC CENTER,2385
11001002503,HOWARD UNIVERSITY HOSPITAL,1047
11001002503,MEDSTAR NATIONAL REHABILITATION HOSPITAL,2273
11001002503,MEDSTAR WASHINGTON HOSPITAL CENTER,2138
11001002503,PROVIDENCE HOSPITAL,1837
11001002503,PSYCHIATRIC INSTITUTE OF WASHINGTON,2629
11001002503,SAINT ELIZABETH'S HOSPITAL,2439
11001002503,WASHINGTON VA MEDICAL CENTER,1518
11001005601,CHILDREN'S NATIONAL MEDICAL CENTER,2486
11001005601,GEORGE WASHINGTON UNIVERSITY HOSPITAL,360
11001005601,MEDSTAR - GEORGETOWN UNIVERSITY HOSPITAL,1571
11001005601,PROVIDENCE HOSPITAL,2607
11001005601,PSYCHIATRIC INSTITUTE OF WASHINGTON,1539
11001005601,SIBLEY MEMORIAL HOSPITAL,2151
11001005601,BRIDGEPOINT HOSPITAL CAPITOL HILL,2501
11001005601,SAINT ELIZABETH'S HOSPITAL,2365
11001005501,CHILDREN'S NATIONAL MEDICAL CENTER,2512
11001005501,GEORGE WASHINGTON UNIVERSITY HOSPITAL,506
11001005501,MEDSTAR - GEORGETOWN UNIVERSITY HOSPITAL,1219
11001005501,PROVIDENCE HOSPITAL,2633
11001005501,PSYCHIATRIC INSTITUTE OF WASHINGTON,1733
11001005501,SIBLEY MEMORIAL HOSPITAL,2110
11001005602,GEORGE WASHINGTON UNIVERSITY HOSPITAL,510
11001005602,MEDSTAR - GEORGETOWN UNIVERSITY HOSPITAL,2036
11001005602,PSYCHIATRIC INSTITUTE OF WASHINGTON,1736
11001005602,SIBLEY MEMORIAL HOSPITAL,2370
11001005602,BRIDGEPOINT HOSPITAL CAPITOL HILL,2589
11001005602,SAINT ELIZABETH'S HOSPITAL,2493
11001005502,CHILDREN'S NATIONAL MEDICAL CENTER,2446
11001005502,GEORGE WASHINGTON UNIVERSITY HOSPITAL,1007
11001005502,HOWARD UNIVERSITY HOSPITAL,2367
11001005502,MEDSTAR - GEORGETOWN UNIVERSITY HOSPITAL,873
11001005502,MEDSTAR NATIONAL REHABILITATION HOSPITAL,2456
11001005502,MEDSTAR WASHINGTON HOSPITAL CENTER,2617
11001005502,SIBLEY MEMORIAL HOSPITAL,1764
11001005502,BRIDGEPOINT HOSPITAL CAPITOL HILL,2626
11001005502,SAINT ELIZABETH'S HOSPITAL,2659
11001005502,WASHINGTON VA MEDICAL CENTER,2557
11001005303,CHILDREN'S NATIONAL MEDICAL CENTER,1879
11001005303,GEORGE WASHINGTON UNIVERSITY HOSPITAL,1262
11001005303,HOWARD UNIVERSITY HOSPITAL,2124
11001005303,MEDSTAR - GEORGETOWN UNIVERSITY HOSPITAL,2479
11001005303,MEDSTAR NATIONAL REHABILITATION HOSPITAL,2137
11001005303,MEDSTAR WASHINGTON HOSPITAL CENTER,2298
11001005303,PSYCHIATRIC INSTITUTE OF WASHINGTON,2584
11001005303,SIBLEY MEMORIAL HOSPITAL,2225
11001005303,BRIDGEPOINT HOSPITAL CAPITOL HILL,2388
11001005303,WASHINGTON VA MEDICAL CENTER,2184
11001010202,CHILDREN'S NATIONAL MEDICAL CENTER,2513
11001010202,GEORGE WASHINGTON UNIVERSITY HOSPITAL,1353
11001010202,HOWARD UNIVERSITY HOSPITAL,1430
11001010202,PSYCHIATRIC INSTITUTE OF WASHINGTON,2700
11001010202,BRIDGEPOINT HOSPITAL NATIONAL HARBOR,2582
11001010202,SAINT ELIZABETH'S HOSPITAL,1723
11001010202,UNITED MEDICAL CENTER,2323
11001980000,GEORGE WASHINGTON UNIVERSITY HOSPITAL,1991
11001980000,HOWARD UNIVERSITY HOSPITAL,2537
11001980000,SAINT ELIZABETH'S HOSPITAL,2491
11001007202,GEORGE WASHINGTON UNIVERSITY HOSPITAL,1737
11001007202,HOWARD UNIVERSITY HOSPITAL,1750
11001007202,BRIDGEPOINT HOSPITAL CAPITOL HILL,1565
11001007202,BRIDGEPOINT HOSPITAL NATIONAL HARBOR,2211
11001007202,SAINT ELIZABETH'S HOSPITAL,1156
11001005202,CHILDREN'S NATIONAL MEDICAL CENTER,1762
11001005202,GEORGE WASHINGTON UNIVERSITY HOSPITAL,1422
11001005202,HOWARD UNIVERSITY HOSPITAL,1621
11001005202,MEDSTAR - GEORGETOWN UNIVERSITY HOSPITAL,2650
11001005202,MEDSTAR NATIONAL REHABILITATION HOSPITAL,2020
11001005202,MEDSTAR WASHINGTON HOSPITAL CENTER,2181
11001005202,PSYCHIATRIC INSTITUTE OF WASHINGTON,2550
11001005202,SIBLEY MEMORIAL HOSPITAL,2474
11001005202,BRIDGEPOINT HOSPITAL CAPITOL HILL,2141
11001005202,WASHINGTON VA MEDICAL CENTER,2067
11001005203,CHILDREN'S NATIONAL MEDICAL CENTER,2343
11001005203,GEORGE WASHINGTON UNIVERSITY HOSPITAL,1263
11001005203,HOSPITAL FOR SICK CHILDREN AND PEDIATRIC CENTER,2680
11001005203,HOWARD UNIVERSITY HOSPITAL,1491
11001005203,MEDSTAR - GEORGETOWN UNIVERSITY HOSPITAL,2491
11001005203,MEDSTAR NATIONAL REHABILITATION HOSPITAL,2568
11001005203,SIBLEY MEMORIAL HOSPITAL,2315
11001005203,BRIDGEPOINT HOSPITAL CAPITOL HILL,2492
11001005203,WASHINGTON VA MEDICAL CENTER,2621
11001005003,CHILDREN'S NATIONAL MEDICAL CENTER,2601
11001005003,GEORGE WASHINGTON UNIVERSITY HOSPITAL,1183
11001005003,HOSPITAL FOR SICK CHILDREN AND PEDIATRIC CENTER,2486
11001005003,HOWARD UNIVERSITY HOSPITAL,1297
11001005003,MEDSTAR - GEORGETOWN UNIVERSITY HOSPITAL,2411
11001005003,MEDSTAR NATIONAL REHABILITATION HOSPITAL,2534
11001005003,MEDSTAR WASHINGTON HOSPITAL CENTER,2695
11001005003,PSYCHIATRIC INSTITUTE OF WASHINGTON,2286
11001005003,SIBLEY MEMORIAL HOSPITAL,2235
11001005003,BRIDGEPOINT HOSPITAL CAPITOL HILL,2574
11001005003,SAINT ELIZABETH'S HOSPITAL,2462
11001005003,WASHINGTON VA MEDICAL CENTER,2587
11001005004,CHILDREN'S NATIONAL MEDICAL CENTER,1679
11001005004,GEORGE WASHINGTON UNIVERSITY HOSPITAL,1521
11001005004,HOSPITAL FOR SICK CHILDREN AND PEDIATRIC CENTER,2273
11001005004,HOWARD UNIVERSITY HOSPITAL,1114
11001005004,MEDSTAR - GEORGETOWN UNIVERSITY HOSPITAL,2592
11001005004,MEDSTAR NATIONAL REHABILITATION HOSPITAL,1937
11001005004,MEDSTAR WASHINGTON HOSPITAL CENTER,2098
11001005004,PROVIDENCE HOSPITAL,2670
11001005004,PSYCHIATRIC INSTITUTE OF WASHINGTON,2467
11001005004,SIBLEY MEMORIAL HOSPITAL,2315
11001005004,SAINT ELIZABETH'S HOSPITAL,2242
11001005004,WASHINGTON VA MEDICAL CENTER,1984
11001007201,316TH MEDICAL SQUADRON,2621
11001007201,HOWARD UNIVERSITY HOSPITAL,2378
11001007201,BRIDGEPOINT HOSPITAL CAPITOL HILL,1220
11001007201,BRIDGEPOINT HOSPITAL NATIONAL HARBOR,2187
11001007201,SAINT ELIZABETH'S HOSPITAL,1855
11001005802,CHILDREN'S NATIONAL MEDICAL CENTER,1926
11001005802,GEORGE WASHINGTON UNIVERSITY HOSPITAL,691
11001005802,HOSPITAL FOR SICK CHILDREN AND PEDIATRIC CENTER,2559
11001005802,HOWARD UNIVERSITY HOSPITAL,1385
11001005802,MEDSTAR - GEORGETOWN UNIVERSITY HOSPITAL,2321
11001005802,MEDSTAR NATIONAL REHABILITATION HOSPITAL,1944
11001005802,MEDSTAR WASHINGTON HOSPITAL CENTER,2105
11001005802,PROVIDENCE HOSPITAL,2036
11001005802,PSYCHIATRIC INSTITUTE OF WASHINGTON,1577
11001005802,SIBLEY MEMORIAL HOSPITAL,1994
11001005802,BRIDGEPOINT HOSPITAL CAPITOL HILL,1190
11001005802,SAINT ELIZABETH'S HOSPITAL,1807
11001005802,UNITED MEDICAL CENTER,2395
11001005802,WASHINGTON VA MEDICAL CENTER,1997
11001004703,CHILDREN'S NATIONAL MEDICAL CENTER,1722
11001004703,GEORGE WASHINGTON UNIVERSITY HOSPITAL,1777
11001004703,HOWARD UNIVERSITY HOSPITAL,1181
11001004703,MEDSTAR NATIONAL REHABILITATION HOSPITAL,1980
11001004703,MEDSTAR WASHINGTON HOSPITAL CENTER,2141
11001004703,PROVIDENCE HOSPITAL,2182
11001004703,PSYCHIATRIC INSTITUTE OF WASHINGTON,2661
11001004703,BRIDGEPOINT HOSPITAL CAPITOL HILL,966
11001004703,SAINT ELIZABETH'S HOSPITAL,2163
11001004703,WASHINGTON VA MEDICAL CENTER,2022
11001004704,CHILDREN'S NATIONAL MEDICAL CENTER,1199
11001004704,GEORGE WASHINGTON UNIVERSITY HOSPITAL,1849
11001004704,HOSPITAL FOR SICK CHILDREN AND PEDIATRIC CENTER,1991
11001004704,HOWARD UNIVERSITY HOSPITAL,1740
11001004704,MEDSTAR NATIONAL REHABILITATION HOSPITAL,1436
11001004704,MEDSTAR WASHINGTON HOSPITAL CENTER,1597
11001004704,PROVIDENCE HOSPITAL,1468
11001004704,PSYCHIATRIC INSTITUTE OF WASHINGTON,1984
11001004704,BRIDGEPOINT HOSPITAL CAPITOL HILL,874
11001004704,WASHINGTON VA MEDICAL CENTER,1588
11001010603,CHILDREN'S NATIONAL MEDICAL CENTER,1224
11001010603,GEORGE WASHINGTON UNIVERSITY HOSPITAL,1826
11001010603,HOSPITAL FOR SICK CHILDREN AND PEDIATRIC CENTER,2016
11001010603,HOWARD UNIVERSITY HOSPITAL,2090
11001010603,MEDSTAR NATIONAL REHABILITATION HOSPITAL,1461
11001010603,MEDSTAR WASHINGTON HOSPITAL CENTER,1622
11001010603,PROVIDENCE HOSPITAL,1493
11001010603,PSYCHIATRIC INSTITUTE OF WASHINGTON,2389
11001010603,SIBLEY MEMORIAL HOSPITAL,2688
11001010603,BRIDGEPOINT HOSPITAL CAPITOL HILL,876
11001010603,SAINT ELIZABETH'S HOSPITAL,2540
11001010603,WASHINGTON VA MEDICAL CENTER,1613
11001010601,CHILDREN'S NATIONAL MEDICAL CENTER,1099
11001010601,GEORGE WASHINGTON UNIVERSITY HOSPITAL,2051
11001010601,HOSPITAL FOR SICK CHILDREN AND PEDIATRIC CENTER,1891
11001010601,HOWARD UNIVERSITY HOSPITAL,1093
11001010601,MEDSTAR NATIONAL REHABILITATION HOSPITAL,1336
11001010601,MEDSTAR WASHINGTON HOSPITAL CENTER,1497
11001010601,PROVIDENCE HOSPITAL,1368
11001010601,PSYCHIATRIC INSTITUTE OF WASHINGTON,2351
11001010601,BRIDGEPOINT HOSPITAL CAPITOL HILL,1021
11001010601,SAINT ELIZABETH'S HOSPITAL,2539
11001010601,WASHINGTON VA MEDICAL CENTER,1488
11001011002,GEORGE WASHINGTON UNIVERSITY HOSPITAL,2636
11001011002,HOWARD UNIVERSITY HOSPITAL,2437
11001011002,BRIDGEPOINT HOSPITAL CAPITOL HILL,2471
11001011002,SAINT ELIZABETH'S HOSPITAL,2046
11001011002,UNITED MEDICAL CENTER,2696
11001010201,GEORGE WASHINGTON UNIVERSITY HOSPITAL,1646
11001010201,HOWARD UNIVERSITY HOSPITAL,1592
11001010201,BRIDGEPOINT HOSPITAL CAPITOL HILL,1775
11001010201,BRIDGEPOINT HOSPITAL NATIONAL HARBOR,2399
11001010201,SAINT ELIZABETH'S HOSPITAL,1201
11001010201,UNITED MEDICAL CENTER,2016
11001011001,GEORGE WASHINGTON UNIVERSITY HOSPITAL,1857
11001011001,HOWARD UNIVERSITY HOSPITAL,1790
11001011001,BRIDGEPOINT HOSPITAL CAPITOL HILL,1826
11001011001,BRIDGEPOINT HOSPITAL NATIONAL HARBOR,2450
11001011001,SAINT ELIZABETH'S HOSPITAL,1399
11001011001,UNITED MEDICAL CENTER,1991
11001007203,316TH MEDICAL SQUADRON,2565
11001007203,GEORGE WASHINGTON UNIVERSITY HOSPITAL,1973
11001007203,HOWARD UNIVERSITY HOSPITAL,1997
11001007203,BRIDGEPOINT HOSPITAL CAPITOL HILL,840
11001007203,BRIDGEPOINT HOSPITAL NATIONAL HARBOR,2095
11001007203,SAINT ELIZABETH'S HOSPITAL,1605
11001007203,UNITED MEDICAL CENTER,2191
11001009510,CHILDREN'S NATIONAL MEDICAL CENTER,2196
11001009510,HOSPITAL FOR SICK CHILDREN AND PEDIATRIC CENTER,2003
11001009510,MEDSTAR NATIONAL REHABILITATION HOSPITAL,2206
11001009510,MEDSTAR WASHINGTON HOSPITAL CENTER,2367
11001009510,PROVIDENCE HOSPITAL,1353
11001009510,WASHINGTON VA MEDICAL CENTER,2259
11001009511,CHILDREN'S NATIONAL MEDICAL CENTER,1040
11001009511,GEORGE WASHINGTON UNIVERSITY HOSPITAL,2185
11001009511,HOSPITAL FOR SICK CHILDREN AND PEDIATRIC CENTER,1780
11001009511,HOWARD UNIVERSITY HOSPITAL,2004
11001009511,MEDSTAR NATIONAL REHABILITATION HOSPITAL,1050
11001009511,MEDSTAR WASHINGTON HOSPITAL CENTER,1211
11001009511,PROVIDENCE HOSPITAL,1257
11001009511,PSYCHIATRIC INSTITUTE OF WASHINGTON,2355
11001009511,WASHINGTON VA MEDICAL CENTER,1103
11001005503,CHILDREN'S NATIONAL MEDICAL CENTER,2485
11001005503,GEORGE WASHINGTON UNIVERSITY HOSPITAL,626
11001005503,HOWARD UNIVERSITY HOSPITAL,2448
11001005503,MEDSTAR - GEORGETOWN UNIVERSITY HOSPITAL,1599
11001005503,PSYCHIATRIC INSTITUTE OF WASHINGTON,1469
11001005503,SIBLEY MEMORIAL HOSPITAL,2110
11001005503,SAINT ELIZABETH'S HOSPITAL,2562
11001005801,CHILDREN'S NATIONAL MEDICAL CENTER,1551
11001005801,GEORGE WASHINGTON UNIVERSITY HOSPITAL,1532
11001005801,HOSPITAL FOR SICK CHILDREN AND PEDIATRIC CENTER,2586
11001005801,HOWARD UNIVERSITY HOSPITAL,986
11001005801,MEDSTAR NATIONAL REHABILITATION HOSPITAL,1809
11001005801,MEDSTAR WASHINGTON HOSPITAL CENTER,1970
11001005801,PROVIDENCE HOSPITAL,2063
11001005801,PSYCHIATRIC INSTITUTE OF WASHINGTON,2036
11001005801,SIBLEY MEMORIAL HOSPITAL,2125
11001005801,BRIDGEPOINT HOSPITAL CAPITOL HILL,1035
11001005801,SAINT ELIZABETH'S HOSPITAL,1540
11001005801,UNITED MEDICAL CENTER,2102
11001005801,WASHINGTON VA MEDICAL CENTER,1856
11001010900,BRIDGEPOINT HOSPITAL NATIONAL HARBOR,2523
11001010400,BRIDGEPOINT HOSPITAL CAPITOL HILL,2522
11001010400,BRIDGEPOINT HOSPITAL NATIONAL HARBOR,1995
11001010400,SAINT ELIZABETH'S HOSPITAL,2117
11001009903,SAINT ELIZABETH'S HOSPITAL,2545
11001009904,SAINT ELIZABETH'S HOSPITAL,1723
11001009904,UNITED MEDICAL CENTER,2693
11001009905,SAINT ELIZABETH'S HOSPITAL,2199
11001009906,GEORGE WASHINGTON UNIVERSITY HOSPITAL,1999
11001009906,BRIDGEPOINT HOSPITAL CAPITOL HILL,1929
11001009906,SAINT ELIZABETH'S HOSPITAL,1723
11001009906,UNITED MEDICAL CENTER,2693
11001002102,CHILDREN'S NATIONAL MEDICAL CENTER,2548
11001002102,HOSPITAL FOR SICK CHILDREN AND PEDIATRIC CENTER,2259
11001002102,PROVIDENCE HOSPITAL,1711
11001002201,CHILDREN'S NATIONAL MEDICAL CENTER,1617
11001002201,HOWARD UNIVERSITY HOSPITAL,1239
11001002201,MEDSTAR NATIONAL REHABILITATION HOSPITAL,1842
11001002201,MEDSTAR WASHINGTON HOSPITAL CENTER,2003
11001002201,PROVIDENCE HOSPITAL,2324
11001002201,PSYCHIATRIC INSTITUTE OF WASHINGTON,2354
11001002201,WASHINGTON VA MEDICAL CENTER,1895
11001002202,CHILDREN'S NATIONAL MEDICAL CENTER,2335
11001002202,HOSPITAL FOR SICK CHILDREN AND PEDIATRIC CENTER,2625
11001002202,MEDSTAR WASHINGTON HOSPITAL CENTER,2582
11001002202,PROVIDENCE HOSPITAL,2077
11001002301,CHILDREN'S NATIONAL MEDICAL CENTER,1721
11001002301,HOWARD UNIVERSITY HOSPITAL,2560
11001002301,MEDSTAR NATIONAL REHABILITATION HOSPITAL,2104
11001002301,MEDSTAR WASHINGTON HOSPITAL CENTER,1969
11001002301,PROVIDENCE HOSPITAL,2308
11001002301,WASHINGTON VA MEDICAL CENTER,2398
11001006400,GEORGE WASHINGTON UNIVERSITY HOSPITAL,2514
11001006400,HOWARD UNIVERSITY HOSPITAL,2611
11001006400,BRIDGEPOINT HOSPITAL CAPITOL HILL,2172
11001006400,SAINT ELIZABETH'S HOSPITAL,1840
11001006400,UNITED MEDICAL CENTER,2477
11001006500,GEORGE WASHINGTON UNIVERSITY HOSPITAL,1419
11001006500,HOWARD UNIVERSITY HOSPITAL,2117
11001006500,BRIDGEPOINT HOSPITAL CAPITOL HILL,1312
11001006500,BRIDGEPOINT HOSPITAL NATIONAL HARBOR,2638
11001006500,SAINT ELIZABETH'S HOSPITAL,1827
11001006500,UNITED MEDICAL CENTER,2464
11001006600,GEORGE WASHINGTON UNIVERSITY HOSPITAL,1716
11001006600,HOWARD UNIVERSITY HOSPITAL,1623
11001006600,BRIDGEPOINT HOSPITAL CAPITOL HILL,668
11001006600,SAINT ELIZABETH'S HOSPITAL,2009
11001006700,GEORGE WASHINGTON UNIVERSITY HOSPITAL,2251
11001006700,HOWARD UNIVERSITY HOSPITAL,1731
11001006700,BRIDGEPOINT HOSPITAL CAPITOL HILL,815
11001006700,SAINT ELIZABETH'S HOSPITAL,2117
11001006802,GEORGE WASHINGTON UNIVERSITY HOSPITAL,1766
11001006802,HOWARD UNIVERSITY HOSPITAL,2651
11001006802,BRIDGEPOINT HOSPITAL CAPITOL HILL,1623
11001006802,SAINT ELIZABETH'S HOSPITAL,2475
11001007408,316TH MEDICAL SQUADRON,1854
11001007408,GEORGE WASHINGTON UNIVERSITY HOSPITAL,2058
11001007408,HOWARD UNIVERSITY HOSPITAL,2470
11001007408,BRIDGEPOINT HOSPITAL CAPITOL HILL,1343
11001007408,BRIDGEPOINT HOSPITAL NATIONAL HARBOR,1949
11001007408,SAINT ELIZABETH'S HOSPITAL,730
11001007408,UNITED MEDICAL CENTER,1586
11001007409,316TH MEDICAL SQUADRON,2188
11001007409,GEORGE WASHINGTON UNIVERSITY HOSPITAL,2490
11001007409,BRIDGEPOINT HOSPITAL CAPITOL HILL,1961
11001007409,BRIDGEPOINT HOSPITAL NATIONAL HARBOR,2345
11001007409,SAINT ELIZABETH'S HOSPITAL,1064
11001007409,UNITED MEDICAL CENTER,1230
11001007809,SAINT ELIZABETH'S HOSPITAL,2537
11001007903,GEORGE WASHINGTON UNIVERSITY HOSPITAL,2087
11001007903,HOWARD UNIVERSITY HOSPITAL,2063
11001007903,BRIDGEPOINT HOSPITAL CAPITOL HILL,1811
11001008001,GEORGE WASHINGTON UNIVERSITY HOSPITAL,2157
11001008001,HOWARD UNIVERSITY HOSPITAL,2048
11001008001,BRIDGEPOINT HOSPITAL CAPITOL HILL,896
11001009400,HOSPITAL FOR SICK CHILDREN AND PEDIATRIC CENTER,808
11001009400,PROVIDENCE HOSPITAL,1802
11001009503,CHILDREN'S NATIONAL MEDICAL CENTER,1690
11001009503,HOSPITAL FOR SICK CHILDREN AND PEDIATRIC CENTER,395
11001009503,MEDSTAR NATIONAL REHABILITATION HOSPITAL,1968
11001009503,MEDSTAR WASHINGTON HOSPITAL CENTER,2129
11001009503,PROVIDENCE HOSPITAL,737
11001009503,WASHINGTON VA MEDICAL CENTER,1936
11001009504,CHILDREN'S NATIONAL MEDICAL CENTER,1260
11001009504,GEORGE WASHINGTON UNIVERSITY HOSPITAL,2508
11001009504,HOSPITAL FOR SICK CHILDREN AND PEDIATRIC CENTER,1023
11001009504,HOWARD UNIVERSITY HOSPITAL,2455
11001009504,MEDSTAR NATIONAL REHABILITATION HOSPITAL,1538
11001009504,MEDSTAR WASHINGTON HOSPITAL CENTER,1699
11001009504,PROVIDENCE HOSPITAL,344
11001009504,BRIDGEPOINT HOSPITAL CAPITOL HILL,2669
11001009504,WASHINGTON VA MEDICAL CENTER,1506
11001009505,HOSPITAL FOR SICK CHILDREN AND PEDIATRIC CENTER,2446
11001009505,PROVIDENCE HOSPITAL,1905
11001009907,BRIDGEPOINT HOSPITAL CAPITOL HILL,2525
11001009907,SAINT ELIZABETH'S HOSPITAL,1758
11001002501,CHILDREN'S NATIONAL MEDICAL CENTER,2155
11001002501,GEORGE WASHINGTON UNIVERSITY HOSPITAL,2467
11001002501,HOWARD UNIVERSITY HOSPITAL,1353
11001002501,MEDSTAR NATIONAL REHABILITATION HOSPITAL,2380
11001002501,MEDSTAR WASHINGTON HOSPITAL CENTER,2541
11001002501,PSYCHIATRIC INSTITUTE OF WASHINGTON,2444
11001002501,BRIDGEPOINT HOSPITAL CAPITOL HILL,2630
11001002501,WASHINGTON VA MEDICAL CENTER,2433
11001002302,CHILDREN'S NATIONAL MEDICAL CENTER,2165
11001002302,HOWARD UNIVERSITY HOSPITAL,2423
11001002302,MEDSTAR NATIONAL REHABILITATION HOSPITAL,2128
11001002302,MEDSTAR WASHINGTON HOSPITAL CENTER,2413
11001002302,PROVIDENCE HOSPITAL,2654
11001002302,WASHINGTON VA MEDICAL CENTER,2181
11001002400,CHILDREN'S NATIONAL MEDICAL CENTER,1361
11001002400,GEORGE WASHINGTON UNIVERSITY HOSPITAL,2663
11001002400,HOWARD UNIVERSITY HOSPITAL,1046
11001002400,MEDSTAR NATIONAL REHABILITATION HOSPITAL,1564
11001002400,MEDSTAR WASHINGTON HOSPITAL CENTER,1725
11001002400,PSYCHIATRIC INSTITUTE OF WASHINGTON,2134
11001002400,BRIDGEPOINT HOSPITAL CAPITOL HILL,2460
11001002400,WASHINGTON VA MEDICAL CENTER,1617
11001007000,GEORGE WASHINGTON UNIVERSITY HOSPITAL,1504
11001007000,HOWARD UNIVERSITY HOSPITAL,1633
11001007000,BRIDGEPOINT HOSPITAL CAPITOL HILL,506
11001007000,BRIDGEPOINT HOSPITAL NATIONAL HARBOR,2343
11001007000,SAINT ELIZABETH'S HOSPITAL,1948
11001007100,GEORGE WASHINGTON UNIVERSITY HOSPITAL,2224
11001007100,HOWARD UNIVERSITY HOSPITAL,2365
11001007100,BRIDGEPOINT HOSPITAL CAPITOL HILL,1238
11001007100,BRIDGEPOINT HOSPITAL NATIONAL HARBOR,2564
11001007100,SAINT ELIZABETH'S HOSPITAL,2537
11001006900,GEORGE WASHINGTON UNIVERSITY HOSPITAL,2075
11001006900,HOWARD UNIVERSITY HOSPITAL,2501
11001006900,BRIDGEPOINT HOSPITAL CAPITOL HILL,1318
11001006900,SAINT ELIZABETH'S HOSPITAL,2083
11001006900,UNITED MEDICAL CENTER,2399
11001009507,CHILDREN'S NATIONAL MEDICAL CENTER,2084
11001009507,HOSPITAL FOR SICK CHILDREN AND PEDIATRIC CENTER,1795
11001009507,MEDSTAR NATIONAL REHABILITATION HOSPITAL,2273
11001009507,MEDSTAR WASHINGTON HOSPITAL CENTER,2434
11001009507,PROVIDENCE HOSPITAL,1247
11001009507,WASHINGTON VA MEDICAL CENTER,2326
11001009508,CHILDREN'S NATIONAL MEDICAL CENTER,1426
11001009508,HOSPITAL FOR SICK CHILDREN AND PEDIATRIC CENTER,1137
11001009508,HOWARD UNIVERSITY HOSPITAL,2621
11001009508,MEDSTAR NATIONAL REHABILITATION HOSPITAL,1704
11001009508,MEDSTAR WASHINGTON HOSPITAL CENTER,1865
11001009508,PROVIDENCE HOSPITAL,609
11001009508,WASHINGTON VA MEDICAL CENTER,1672
11001009509,CHILDREN'S NATIONAL MEDICAL CENTER,1365
11001009509,GEORGE WASHINGTON UNIVERSITY HOSPITAL,2641
11001009509,HOSPITAL FOR SICK CHILDREN AND PEDIATRIC CENTER,1076
11001009509,HOWARD UNIVERSITY HOSPITAL,2560
11001009509,MEDSTAR NATIONAL REHABILITATION HOSPITAL,1643
11001009509,MEDSTAR WASHINGTON HOSPITAL CENTER,1804
11001009509,PROVIDENCE HOSPITAL,548
11001009509,WASHINGTON VA MEDICAL CENTER,1611
11001009700,BRIDGEPOINT HOSPITAL CAPITOL HILL,2498
11001009700,BRIDGEPOINT HOSPITAL NATIONAL HARBOR,1922
11001009700,SAINT ELIZABETH'S HOSPITAL,1717
11001009700,UNITED MEDICAL CENTER,664
11001009801,BRIDGEPOINT HOSPITAL NATIONAL HARBOR,1890
11001009801,SAINT ELIZABETH'S HOSPITAL,2368
11001009801,UNITED MEDICAL CENTER,1090
11001002801,CHILDREN'S NATIONAL MEDICAL CENTER,1146
11001002801,GEORGE WASHINGTON UNIVERSITY HOSPITAL,2351
11001002801,HOWARD UNIVERSITY HOSPITAL,1683
11001002801,MEDSTAR NATIONAL REHABILITATION HOSPITAL,1404
11001002801,MEDSTAR WASHINGTON HOSPITAL CENTER,1565
11001002801,PSYCHIATRIC INSTITUTE OF WASHINGTON,1359
11001002801,WASHINGTON VA MEDICAL CENTER,1451
11001002802,CHILDREN'S NATIONAL MEDICAL CENTER,654
11001002802,GEORGE WASHINGTON UNIVERSITY HOSPITAL,2254
11001002802,HOWARD UNIVERSITY HOSPITAL,1347
11001002802,MEDSTAR NATIONAL REHABILITATION HOSPITAL,912
11001002802,MEDSTAR WASHINGTON HOSPITAL CENTER,1073
11001002802,PROVIDENCE HOSPITAL,2218
11001002802,PSYCHIATRIC INSTITUTE OF WASHINGTON,1279
11001002802,SAINT ELIZABETH'S HOSPITAL,2093
11001002802,WASHINGTON VA MEDICAL CENTER,959
11001004001,CHILDREN'S NATIONAL MEDICAL CENTER,1903
11001004001,GEORGE WASHINGTON UNIVERSITY HOSPITAL,2006
11001004001,HOWARD UNIVERSITY HOSPITAL,1298
11001004001,MEDSTAR NATIONAL REHABILITATION HOSPITAL,2128
11001004001,MEDSTAR WASHINGTON HOSPITAL CENTER,2289
11001004001,PSYCHIATRIC INSTITUTE OF WASHINGTON,1626
11001004001,BRIDGEPOINT HOSPITAL CAPITOL HILL,2110
11001004001,WASHINGTON VA MEDICAL CENTER,2181
11001004002,GEORGE WASHINGTON UNIVERSITY HOSPITAL,1861
11001004002,HOWARD UNIVERSITY HOSPITAL,1031
11001004002,PROVIDENCE HOSPITAL,2454
11001004002,PSYCHIATRIC INSTITUTE OF WASHINGTON,1130
11001004002,BRIDGEPOINT HOSPITAL CAPITOL HILL,1843
11001003600,CHILDREN'S NATIONAL MEDICAL CENTER,895
11001003600,GEORGE WASHINGTON UNIVERSITY HOSPITAL,2379
11001003600,HOWARD UNIVERSITY HOSPITAL,1191
11001003600,MEDSTAR NATIONAL REHABILITATION HOSPITAL,1153
11001003600,MEDSTAR WASHINGTON HOSPITAL CENTER,1314
11001003600,PROVIDENCE HOSPITAL,2387
11001003600,PSYCHIATRIC INSTITUTE OF WASHINGTON,1630
11001003600,BRIDGEPOINT HOSPITAL CAPITOL HILL,2257
11001003600,WASHINGTON VA MEDICAL CENTER,1200
11001004201,CHILDREN'S NATIONAL MEDICAL CENTER,1760
11001004201,GEORGE WASHINGTON UNIVERSITY HOSPITAL,1918
11001004201,HOWARD UNIVERSITY HOSPITAL,932
11001004201,MEDSTAR NATIONAL REHABILITATION HOSPITAL,1985
11001004201,MEDSTAR WASHINGTON HOSPITAL CENTER,2146
11001004201,PROVIDENCE HOSPITAL,2355
11001004201,PSYCHIATRIC INSTITUTE OF WASHINGTON,1172
11001004201,SIBLEY MEMORIAL HOSPITAL,2641
11001004201,BRIDGEPOINT HOSPITAL CAPITOL HILL,1744
11001004201,WASHINGTON VA MEDICAL CENTER,2038
11001004202,CHILDREN'S NATIONAL MEDICAL CENTER,2127
11001004202,GEORGE WASHINGTON UNIVERSITY HOSPITAL,1459
11001004202,HOWARD UNIVERSITY HOSPITAL,1451
11001004202,MEDSTAR - GEORGETOWN UNIVERSITY HOSPITAL,2642
11001004202,MEDSTAR NATIONAL REHABILITATION HOSPITAL,2352
11001004202,MEDSTAR WASHINGTON HOSPITAL CENTER,2513
11001004202,PSYCHIATRIC INSTITUTE OF WASHINGTON,1825
11001004202,SIBLEY MEMORIAL HOSPITAL,1739
11001004202,BRIDGEPOINT HOSPITAL CAPITOL HILL,2263
11001004202,WASHINGTON VA MEDICAL CENTER,2376
11001007407,BRIDGEPOINT HOSPITAL CAPITOL HILL,2341
11001007407,BRIDGEPOINT HOSPITAL NATIONAL HARBOR,2261
11001007407,SAINT ELIZABETH'S HOSPITAL,1714
11001006801,GEORGE WASHINGTON UNIVERSITY HOSPITAL,1920
11001006801,HOWARD UNIVERSITY HOSPITAL,2540
11001006801,BRIDGEPOINT HOSPITAL CAPITOL HILL,1428
11001010700,CHILDREN'S NATIONAL MEDICAL CENTER,2357
11001010700,GEORGE WASHINGTON UNIVERSITY HOSPITAL,745
11001010700,HOWARD UNIVERSITY HOSPITAL,2146
11001010700,MEDSTAR - GEORGETOWN UNIVERSITY HOSPITAL,2515
11001010700,MEDSTAR NATIONAL REHABILITATION HOSPITAL,2582
11001010700,PROVIDENCE HOSPITAL,2303
11001010700,PSYCHIATRIC INSTITUTE OF WASHINGTON,1650
11001010700,SIBLEY MEMORIAL HOSPITAL,1695
11001010700,BRIDGEPOINT HOSPITAL CAPITOL HILL,2084
11001010700,SAINT ELIZABETH'S HOSPITAL,2328
11001010700,WASHINGTON VA MEDICAL CENTER,2509
11001009604,GEORGE WASHINGTON UNIVERSITY HOSPITAL,2437
11001009604,HOWARD UNIVERSITY HOSPITAL,2400
11001009604,BRIDGEPOINT HOSPITAL CAPITOL HILL,1737
11001000201,GEORGE WASHINGTON UNIVERSITY HOSPITAL,1362
11001000201,MEDSTAR - GEORGETOWN UNIVERSITY HOSPITAL,635
11001000201,PSYCHIATRIC INSTITUTE OF WASHINGTON,1772
11001000201,SIBLEY MEMORIAL HOSPITAL,1514
11001000300,GEORGE WASHINGTON UNIVERSITY HOSPITAL,1266
11001000300,MEDSTAR - GEORGETOWN UNIVERSITY HOSPITAL,560
11001000300,PSYCHIATRIC INSTITUTE OF WASHINGTON,1345
11001000300,SIBLEY MEMORIAL HOSPITAL,1286
11001000400,GEORGE WASHINGTON UNIVERSITY HOSPITAL,1381
11001000400,MEDSTAR - GEORGETOWN UNIVERSITY HOSPITAL,1665
11001000400,PSYCHIATRIC INSTITUTE OF WASHINGTON,2340
11001000400,SIBLEY MEMORIAL HOSPITAL,2690
11001000502,GEORGE WASHINGTON UNIVERSITY HOSPITAL,2522
11001000502,HOWARD UNIVERSITY HOSPITAL,2220
11001000502,PSYCHIATRIC INSTITUTE OF WASHINGTON,1144
11001004600,CHILDREN'S NATIONAL MEDICAL CENTER,1327
11001004600,GEORGE WASHINGTON UNIVERSITY HOSPITAL,1997
11001004600,HOSPITAL FOR SICK CHILDREN AND PEDIATRIC CENTER,2127
11001004600,HOWARD UNIVERSITY HOSPITAL,1191
11001004600,MEDSTAR NATIONAL REHABILITATION HOSPITAL,1564
11001004600,MEDSTAR WASHINGTON HOSPITAL CENTER,1725
11001004600,PROVIDENCE HOSPITAL,1611
11001004600,BRIDGEPOINT HOSPITAL CAPITOL HILL,1366
11001004600,WASHINGTON VA MEDICAL CENTER,1716
11001004801,CHILDREN'S NATIONAL MEDICAL CENTER,1339
11001004801,GEORGE WASHINGTON UNIVERSITY HOSPITAL,1996
11001004801,HOSPITAL FOR SICK CHILDREN AND PEDIATRIC CENTER,2089
11001004801,HOWARD UNIVERSITY HOSPITAL,857
11001004801,MEDSTAR NATIONAL REHABILITATION HOSPITAL,1899
11001004801,MEDSTAR WASHINGTON HOSPITAL CENTER,1708
11001004801,PROVIDENCE HOSPITAL,2000
11001004801,BRIDGEPOINT HOSPITAL CAPITOL HILL,1620
11001004801,WASHINGTON VA MEDICAL CENTER,1952
11001004802,CHILDREN'S NATIONAL MEDICAL CENTER,1555
11001004802,GEORGE WASHINGTON UNIVERSITY HOSPITAL,1968
11001004802,HOWARD UNIVERSITY HOSPITAL,921
11001004802,MEDSTAR NATIONAL REHABILITATION HOSPITAL,2137
11001004802,MEDSTAR WASHINGTON HOSPITAL CENTER,1924
11001004802,PROVIDENCE HOSPITAL,2226
11001004802,BRIDGEPOINT HOSPITAL CAPITOL HILL,2364
11001004802,SAINT ELIZABETH'S HOSPITAL,1878
11001004802,UNITED MEDICAL CENTER,2665
11001004802,WASHINGTON VA MEDICAL CENTER,2190
11001004902,CHILDREN'S NATIONAL MEDICAL CENTER,1451
11001004902,GEORGE WASHINGTON UNIVERSITY HOSPITAL,1577
11001004902,HOWARD UNIVERSITY HOSPITAL,817
11001004902,MEDSTAR NATIONAL REHABILITATION HOSPITAL,2033
11001004902,MEDSTAR WASHINGTON HOSPITAL CENTER,1820
11001004902,PROVIDENCE HOSPITAL,2218
11001004902,SIBLEY MEMORIAL HOSPITAL,2436
11001004902,BRIDGEPOINT HOSPITAL CAPITOL HILL,2362
11001004902,SAINT ELIZABETH'S HOSPITAL,1803
11001004902,UNITED MEDICAL CENTER,2618
11001004902,WASHINGTON VA MEDICAL CENTER,2086
11001007401,316TH MEDICAL SQUADRON,1934
11001007401,HOWARD UNIVERSITY HOSPITAL,1905
11001007401,BRIDGEPOINT HOSPITAL CAPITOL HILL,1798
11001007401,BRIDGEPOINT HOSPITAL NATIONAL HARBOR,1841
11001007401,SAINT ELIZABETH'S HOSPITAL,1004
11001007401,UNITED MEDICAL CENTER,1952
11001007403,316TH MEDICAL SQUADRON,2203
11001007403,BRIDGEPOINT HOSPITAL CAPITOL HILL,1964
11001007403,BRIDGEPOINT HOSPITAL NATIONAL HARBOR,2331
11001007403,SAINT ELIZABETH'S HOSPITAL,1064
11001007403,UNITED MEDICAL CENTER,1990
11001000600,CHILDREN'S NATIONAL MEDICAL CENTER,1277
11001000600,GEORGE WASHINGTON UNIVERSITY HOSPITAL,1684
11001000600,HOWARD UNIVERSITY HOSPITAL,2017
11001000600,MEDSTAR - GEORGETOWN UNIVERSITY HOSPITAL,1906
11001000600,MEDSTAR NATIONAL REHABILITATION HOSPITAL,1535
11001000600,MEDSTAR WASHINGTON HOSPITAL CENTER,1696
11001000600,PSYCHIATRIC INSTITUTE OF WASHINGTON,1325
11001000600,WASHINGTON VA MEDICAL CENTER,1582
11001000702,GEORGE WASHINGTON UNIVERSITY HOSPITAL,1236
11001000702,MEDSTAR - GEORGETOWN UNIVERSITY HOSPITAL,1223
11001000702,PSYCHIATRIC INSTITUTE OF WASHINGTON,1092
11001007404,316TH MEDICAL SQUADRON,1914
11001007404,BRIDGEPOINT HOSPITAL CAPITOL HILL,1828
11001007404,BRIDGEPOINT HOSPITAL NATIONAL HARBOR,2231
11001007404,SAINT ELIZABETH'S HOSPITAL,930
11001007404,UNITED MEDICAL CENTER,1914
11001007301,316TH MEDICAL SQUADRON,1409
11001007301,SAINT ELIZABETH'S HOSPITAL,2337
11001002702,CHILDREN'S NATIONAL MEDICAL CENTER,1030
11001002702,GEORGE WASHINGTON UNIVERSITY HOSPITAL,2312
11001002702,HOWARD UNIVERSITY HOSPITAL,1839
11001002702,MEDSTAR NATIONAL REHABILITATION HOSPITAL,1288
11001002702,MEDSTAR WASHINGTON HOSPITAL CENTER,1449
11001002702,PSYCHIATRIC INSTITUTE OF WASHINGTON,1141
11001002702,WASHINGTON VA MEDICAL CENTER,1335
11001008301,CHILDREN'S NATIONAL MEDICAL CENTER,1991
11001008301,GEORGE WASHINGTON UNIVERSITY HOSPITAL,1805
11001008301,HOSPITAL FOR SICK CHILDREN AND PEDIATRIC CENTER,2671
11001008301,HOWARD UNIVERSITY HOSPITAL,1801
11001008301,MEDSTAR NATIONAL REHABILITATION HOSPITAL,2404
11001008301,MEDSTAR WASHINGTON HOSPITAL CENTER,2565
11001008301,PROVIDENCE HOSPITAL,2148
11001008301,PSYCHIATRIC INSTITUTE OF WASHINGTON,2479
11001008301,SIBLEY MEMORIAL HOSPITAL,2639
11001008301,BRIDGEPOINT HOSPITAL CAPITOL HILL,769
11001008301,SAINT ELIZABETH'S HOSPITAL,2613
11001008301,WASHINGTON VA MEDICAL CENTER,2457
11001001600,HOWARD UNIVERSITY HOSPITAL,2609
11001010500,CHILDREN'S NATIONAL MEDICAL CENTER,2560
11001010500,GEORGE WASHINGTON UNIVERSITY HOSPITAL,1448
11001010500,HOWARD UNIVERSITY HOSPITAL,1926
11001010500,BRIDGEPOINT HOSPITAL CAPITOL HILL,1940
11001010500,SAINT ELIZABETH'S HOSPITAL,1847
11001010500,UNITED MEDICAL CENTER,2428
11001009204,CHILDREN'S NATIONAL MEDICAL CENTER,1461
11001009204,GEORGE WASHINGTON UNIVERSITY HOSPITAL,2517
11001009204,HOSPITAL FOR SICK CHILDREN AND PEDIATRIC CENTER,1458
11001009204,HOWARD UNIVERSITY HOSPITAL,1076
11001009204,MEDSTAR NATIONAL REHABILITATION HOSPITAL,1235
11001009204,MEDSTAR WASHINGTON HOSPITAL CENTER,1396
11001009204,PROVIDENCE HOSPITAL,1629
11001009204,PSYCHIATRIC INSTITUTE OF WASHINGTON,2540
11001009204,BRIDGEPOINT HOSPITAL CAPITOL HILL,2548
11001009204,WASHINGTON VA MEDICAL CENTER,1288
11001007304,316TH MEDICAL SQUADRON,2175
11001007304,BRIDGEPOINT HOSPITAL CAPITOL HILL,2183
11001007304,BRIDGEPOINT HOSPITAL NATIONAL HARBOR,2408
11001007304,SAINT ELIZABETH'S HOSPITAL,1107
11001007304,UNITED MEDICAL CENTER,979
11001003000,CHILDREN'S NATIONAL MEDICAL CENTER,454
11001003000,GEORGE WASHINGTON UNIVERSITY HOSPITAL,2265
11001003000,HOSPITAL FOR SICK CHILDREN AND PEDIATRIC CENTER,2633
11001003000,HOWARD UNIVERSITY HOSPITAL,1088
11001003000,MEDSTAR NATIONAL REHABILITATION HOSPITAL,712
11001003000,MEDSTAR WASHINGTON HOSPITAL CENTER,873
11001003000,PROVIDENCE HOSPITAL,2426
11001003000,PSYCHIATRIC INSTITUTE OF WASHINGTON,1377
11001003000,BRIDGEPOINT HOSPITAL CAPITOL HILL,2473
11001003000,WASHINGTON VA MEDICAL CENTER,759
11001007502,316TH MEDICAL SQUADRON,1942
11001007502,GEORGE WASHINGTON UNIVERSITY HOSPITAL,2414
11001007502,HOWARD UNIVERSITY HOSPITAL,2471
11001007502,BRIDGEPOINT HOSPITAL CAPITOL HILL,1326
11001007502,BRIDGEPOINT HOSPITAL NATIONAL HARBOR,2033
11001007502,SAINT ELIZABETH'S HOSPITAL,802
11001007502,UNITED MEDICAL CENTER,1772
11001007503,316TH MEDICAL SQUADRON,2319
11001007503,HOWARD UNIVERSITY HOSPITAL,2256
11001007503,BRIDGEPOINT HOSPITAL CAPITOL HILL,1129
11001007503,BRIDGEPOINT HOSPITAL NATIONAL HARBOR,1832
11001007503,SAINT ELIZABETH'S HOSPITAL,1895
11001007503,UNITED MEDICAL CENTER,2600
11001000902,GEORGE WASHINGTON UNIVERSITY HOSPITAL,2236
11001000902,SIBLEY MEMORIAL HOSPITAL,561
11001009603,GEORGE WASHINGTON UNIVERSITY HOSPITAL,2693
11001009603,HOWARD UNIVERSITY HOSPITAL,2636
11001009603,BRIDGEPOINT HOSPITAL CAPITOL HILL,1916
11001000501,CHILDREN'S NATIONAL MEDICAL CENTER,1740
11001000501,GEORGE WASHINGTON UNIVERSITY HOSPITAL,2065
11001000501,HOWARD UNIVERSITY HOSPITAL,1660
11001000501,MEDSTAR NATIONAL REHABILITATION HOSPITAL,1965
11001000501,MEDSTAR WASHINGTON HOSPITAL CENTER,2126
11001000501,PSYCHIATRIC INSTITUTE OF WASHINGTON,1674
11001000501,BRIDGEPOINT HOSPITAL CAPITOL HILL,2472
11001000501,WASHINGTON VA MEDICAL CENTER,2018
11001003302,CHILDREN'S NATIONAL MEDICAL CENTER,1155
11001003302,GEORGE WASHINGTON UNIVERSITY HOSPITAL,1871
11001003302,HOSPITAL FOR SICK CHILDREN AND PEDIATRIC CENTER,1955
11001003302,HOWARD UNIVERSITY HOSPITAL,1035
11001003302,MEDSTAR NATIONAL REHABILITATION HOSPITAL,1392
11001003302,MEDSTAR WASHINGTON HOSPITAL CENTER,1553
11001003302,PROVIDENCE HOSPITAL,1439
11001003302,BRIDGEPOINT HOSPITAL CAPITOL HILL,1302
11001003302,WASHINGTON VA MEDICAL CENTER,1544
11001008402,CHILDREN'S NATIONAL MEDICAL CENTER,2304
11001008402,GEORGE WASHINGTON UNIVERSITY HOSPITAL,1871
11001008402,HOWARD UNIVERSITY HOSPITAL,1807
11001008402,MEDSTAR NATIONAL REHABILITATION HOSPITAL,2541
11001008402,PROVIDENCE HOSPITAL,2461
11001008402,BRIDGEPOINT HOSPITAL CAPITOL HILL,672
11001008402,SAINT ELIZABETH'S HOSPITAL,2550
11001008402,WASHINGTON VA MEDICAL CENTER,2693
11001009602,BRIDGEPOINT HOSPITAL CAPITOL HILL,2534
11001000802,GEORGE WASHINGTON UNIVERSITY HOSPITAL,2441
11001000802,MEDSTAR - GEORGETOWN UNIVERSITY HOSPITAL,1051
11001000802,PSYCHIATRIC INSTITUTE OF WASHINGTON,2538
11001002001,CHILDREN'S NATIONAL MEDICAL CENTER,1614
11001002001,GEORGE WASHINGTON UNIVERSITY HOSPITAL,2318
11001002001,HOWARD UNIVERSITY HOSPITAL,2266
11001002001,MEDSTAR NATIONAL REHABILITATION HOSPITAL,1872
11001002001,MEDSTAR WASHINGTON HOSPITAL CENTER,2033
11001002001,WASHINGTON VA MEDICAL CENTER,1910
11001001402,PSYCHIATRIC INSTITUTE OF WASHINGTON,2180
11001004702,CHILDREN'S NATIONAL MEDICAL CENTER,1742
11001004702,GEORGE WASHINGTON UNIVERSITY HOSPITAL,1379
11001004702,HOSPITAL FOR SICK CHILDREN AND PEDIATRIC CENTER,2542
11001004702,HOWARD UNIVERSITY HOSPITAL,1320
11001004702,MEDSTAR NATIONAL REHABILITATION HOSPITAL,1979
11001004702,MEDSTAR WASHINGTON HOSPITAL CENTER,2140
11001004702,PROVIDENCE HOSPITAL,2027
11001004702,PSYCHIATRIC INSTITUTE OF WASHINGTON,2662
11001004702,SIBLEY MEMORIAL HOSPITAL,2645
11001004702,BRIDGEPOINT HOSPITAL CAPITOL HILL,1683
11001004702,WASHINGTON VA MEDICAL CENTER,2132
11001007601,GEORGE WASHINGTON UNIVERSITY HOSPITAL,2670
11001007601,HOWARD UNIVERSITY HOSPITAL,2665
11001007601,BRIDGEPOINT HOSPITAL CAPITOL HILL,1520
11001007601,BRIDGEPOINT HOSPITAL NATIONAL HARBOR,2479
11001007601,SAINT ELIZABETH'S HOSPITAL,1789
11001007504,GEORGE WASHINGTON UNIVERSITY HOSPITAL,2589
11001007504,HOWARD UNIVERSITY HOSPITAL,2573
11001007504,BRIDGEPOINT HOSPITAL CAPITOL HILL,1428
11001007504,SAINT ELIZABETH'S HOSPITAL,1614
11001009902,316TH MEDICAL SQUADRON,2649
11001009902,BRIDGEPOINT HOSPITAL CAPITOL HILL,2437
11001009902,SAINT ELIZABETH'S HOSPITAL,1585
11001009902,UNITED MEDICAL CENTER,2572
11001002600,CHILDREN'S NATIONAL MEDICAL CENTER,2194
11001002600,GEORGE WASHINGTON UNIVERSITY HOSPITAL,2649
11001002600,HOWARD UNIVERSITY HOSPITAL,2303
11001002600,MEDSTAR NATIONAL REHABILITATION HOSPITAL,2452
11001002600,MEDSTAR WASHINGTON HOSPITAL CENTER,2613
11001002600,PSYCHIATRIC INSTITUTE OF WASHINGTON,2396
11001002600,WASHINGTON VA MEDICAL CENTER,2499
11001000202,GEORGE WASHINGTON UNIVERSITY HOSPITAL,988
11001000202,MEDSTAR - GEORGETOWN UNIVERSITY HOSPITAL,1123
11001000202,PSYCHIATRIC INSTITUTE OF WASHINGTON,1368
11001000202,SIBLEY MEMORIAL HOSPITAL,1388
11001004300,CHILDREN'S NATIONAL MEDICAL CENTER,1527
11001004300,GEORGE WASHINGTON UNIVERSITY HOSPITAL,1955
11001004300,HOWARD UNIVERSITY HOSPITAL,819
11001004300,MEDSTAR NATIONAL REHABILITATION HOSPITAL,1783
11001004300,MEDSTAR WASHINGTON HOSPITAL CENTER,1944
11001004300,PROVIDENCE HOSPITAL,2131
11001004300,PSYCHIATRIC INSTITUTE OF WASHINGTON,2009
11001004300,SIBLEY MEMORIAL HOSPITAL,2624
11001004300,BRIDGEPOINT HOSPITAL CAPITOL HILL,1631
11001004300,WASHINGTON VA MEDICAL CENTER,1830
11001006804,BRIDGEPOINT HOSPITAL CAPITOL HILL,2148
11001004100,GEORGE WASHINGTON UNIVERSITY HOSPITAL,1526
11001004100,HOWARD UNIVERSITY HOSPITAL,2279
11001004100,MEDSTAR - GEORGETOWN UNIVERSITY HOSPITAL,2385
11001004100,PSYCHIATRIC INSTITUTE OF WASHINGTON,2334
11001004100,SIBLEY MEMORIAL HOSPITAL,1621
11001010100,CHILDREN'S NATIONAL MEDICAL CENTER,1915
11001010100,GEORGE WASHINGTON UNIVERSITY HOSPITAL,728
11001010100,HOSPITAL FOR SICK CHILDREN AND PEDIATRIC CENTER,2595
11001010100,HOWARD UNIVERSITY HOSPITAL,1656
11001010100,MEDSTAR - GEORGETOWN UNIVERSITY HOSPITAL,2064
11001010100,MEDSTAR NATIONAL REHABILITATION HOSPITAL,2152
11001010100,MEDSTAR WASHINGTON HOSPITAL CENTER,2313
11001010100,PROVIDENCE HOSPITAL,2072
11001010100,PSYCHIATRIC INSTITUTE OF WASHINGTON,1874
11001010100,SIBLEY MEMORIAL HOSPITAL,1883
11001010100,BRIDGEPOINT HOSPITAL CAPITOL HILL,2158
11001010100,SAINT ELIZABETH'S HOSPITAL,2184
11001010100,WASHINGTON VA MEDICAL CENTER,2304
11001004901,CHILDREN'S NATIONAL MEDICAL CENTER,1314
11001004901,GEORGE WASHINGTON UNIVERSITY HOSPITAL,2119
11001004901,HOSPITAL FOR SICK CHILDREN AND PEDIATRIC CENTER,2213
11001004901,HOWARD UNIVERSITY HOSPITAL,680
11001004901,MEDSTAR NATIONAL REHABILITATION HOSPITAL,1788
11001004901,MEDSTAR WASHINGTON HOSPITAL CENTER,1683
11001004901,PROVIDENCE HOSPITAL,2120
11001004901,PSYCHIATRIC INSTITUTE OF WASHINGTON,2407
11001004901,BRIDGEPOINT HOSPITAL CAPITOL HILL,1914
11001004901,WASHINGTON VA MEDICAL CENTER,1835
11001005900,CHILDREN'S NATIONAL MEDICAL CENTER,1706
11001005900,GEORGE WASHINGTON UNIVERSITY HOSPITAL,1810
11001005900,HOSPITAL FOR SICK CHILDREN AND PEDIATRIC CENTER,2386
11001005900,HOWARD UNIVERSITY HOSPITAL,1426
11001005900,MEDSTAR NATIONAL REHABILITATION HOSPITAL,2282
11001005900,MEDSTAR WASHINGTON HOSPITAL CENTER,2443
11001005900,PROVIDENCE HOSPITAL,1863
11001005900,PSYCHIATRIC INSTITUTE OF WASHINGTON,2261
11001005900,SIBLEY MEMORIAL HOSPITAL,2102
11001005900,BRIDGEPOINT HOSPITAL CAPITOL HILL,1632
11001005900,WASHINGTON VA MEDICAL CENTER,2335
11001007901,CHILDREN'S NATIONAL MEDICAL CENTER,2685
11001007901,GEORGE WASHINGTON UNIVERSITY HOSPITAL,2434
11001007901,HOWARD UNIVERSITY HOSPITAL,2156
11001007901,BRIDGEPOINT HOSPITAL CAPITOL HILL,1385
11001001803,CHILDREN'S NATIONAL MEDICAL CENTER,1907
11001001803,GEORGE WASHINGTON UNIVERSITY HOSPITAL,2362
11001001803,HOWARD UNIVERSITY HOSPITAL,2368
11001001803,MEDSTAR NATIONAL REHABILITATION HOSPITAL,2165
11001001803,MEDSTAR WASHINGTON HOSPITAL CENTER,2326
11001001803,PSYCHIATRIC INSTITUTE OF WASHINGTON,2109
11001001803,WASHINGTON VA MEDICAL CENTER,2212
11001007406,316TH MEDICAL SQUADRON,2445
11001007406,BRIDGEPOINT HOSPITAL CAPITOL HILL,2505
11001007406,BRIDGEPOINT HOSPITAL NATIONAL HARBOR,1930
11001007406,SAINT ELIZABETH'S HOSPITAL,1605
11001007406,UNITED MEDICAL CENTER,2533
11001003301,CHILDREN'S NATIONAL MEDICAL CENTER,831
11001003301,GEORGE WASHINGTON UNIVERSITY HOSPITAL,2003
11001003301,HOSPITAL FOR SICK CHILDREN AND PEDIATRIC CENTER,1837
11001003301,HOWARD UNIVERSITY HOSPITAL,756
11001003301,MEDSTAR NATIONAL REHABILITATION HOSPITAL,1067
11001003301,MEDSTAR WASHINGTON HOSPITAL CENTER,1229
11001003301,PROVIDENCE HOSPITAL,1321
11001003301,PSYCHIATRIC INSTITUTE OF WASHINGTON,2102
11001003301,BRIDGEPOINT HOSPITAL CAPITOL HILL,1885
11001003301,WASHINGTON VA MEDICAL CENTER,1220
11001007604,316TH MEDICAL SQUADRON,2649
11001007604,GEORGE WASHINGTON UNIVERSITY HOSPITAL,2503
11001007604,BRIDGEPOINT HOSPITAL CAPITOL HILL,1981
11001007604,SAINT ELIZABETH'S HOSPITAL,1585
11001007605,HOWARD UNIVERSITY HOSPITAL,2232
11001007605,BRIDGEPOINT HOSPITAL CAPITOL HILL,1087
11001007605,BRIDGEPOINT HOSPITAL NATIONAL HARBOR,2456
11001007605,SAINT ELIZABETH'S HOSPITAL,1177
11001007605,UNITED MEDICAL CENTER,2176
11001007603,316TH MEDICAL SQUADRON,2183
11001007603,GEORGE WASHINGTON UNIVERSITY HOSPITAL,2259
11001007603,BRIDGEPOINT HOSPITAL CAPITOL HILL,1737
11001007603,BRIDGEPOINT HOSPITAL NATIONAL HARBOR,2655
11001007603,SAINT ELIZABETH'S HOSPITAL,1119
11001007603,UNITED MEDICAL CENTER,2106
11001008100,CHILDREN'S NATIONAL MEDICAL CENTER,2455
11001008100,HOWARD UNIVERSITY HOSPITAL,1472
11001008100,MEDSTAR NATIONAL REHABILITATION HOSPITAL,2692
11001008100,SIBLEY MEMORIAL HOSPITAL,2567
11001008100,BRIDGEPOINT HOSPITAL CAPITOL HILL,305
11001008100,SAINT ELIZABETH'S HOSPITAL,2223
11001008200,GEORGE WASHINGTON UNIVERSITY HOSPITAL,2036
11001008200,HOWARD UNIVERSITY HOSPITAL,1749
11001008200,SIBLEY MEMORIAL HOSPITAL,2638
11001008200,BRIDGEPOINT HOSPITAL CAPITOL HILL,438
11001008200,SAINT ELIZABETH'S HOSPITAL,2166
11001008302,CHILDREN'S NATIONAL MEDICAL CENTER,2479
11001008302,GEORGE WASHINGTON UNIVERSITY HOSPITAL,2167
11001008302,HOWARD UNIVERSITY HOSPITAL,1388
11001008302,BRIDGEPOINT HOSPITAL CAPITOL HILL,408
11001008302,SAINT ELIZABETH'S HOSPITAL,2131
11001008410,CHILDREN'S NATIONAL MEDICAL CENTER,2226
11001008410,GEORGE WASHINGTON UNIVERSITY HOSPITAL,1914
11001008410,HOWARD UNIVERSITY HOSPITAL,1416
11001008410,MEDSTAR NATIONAL REHABILITATION HOSPITAL,2463
11001008410,MEDSTAR WASHINGTON HOSPITAL CENTER,2624
11001008410,PROVIDENCE HOSPITAL,2495
11001008410,BRIDGEPOINT HOSPITAL CAPITOL HILL,1092
11001008410,SAINT ELIZABETH'S HOSPITAL,2410
11001008410,WASHINGTON VA MEDICAL CENTER,2615
11001008701,CHILDREN'S NATIONAL MEDICAL CENTER,1168
11001008701,GEORGE WASHINGTON UNIVERSITY HOSPITAL,1671
11001008701,HOSPITAL FOR SICK CHILDREN AND PEDIATRIC CENTER,1968
11001008701,HOWARD UNIVERSITY HOSPITAL,1243
11001008701,MEDSTAR NATIONAL REHABILITATION HOSPITAL,1405
11001008701,MEDSTAR WASHINGTON HOSPITAL CENTER,1566
11001008701,PROVIDENCE HOSPITAL,1452
11001008701,BRIDGEPOINT HOSPITAL CAPITOL HILL,1005
11001008701,SAINT ELIZABETH'S HOSPITAL,2673
11001008701,WASHINGTON VA MEDICAL CENTER,1557
11001008002,HOWARD UNIVERSITY HOSPITAL,2389
11001008002,BRIDGEPOINT HOSPITAL CAPITOL HILL,1134
11001008002,SAINT ELIZABETH'S HOSPITAL,2451
11001008702,CHILDREN'S NATIONAL MEDICAL CENTER,1357
11001008702,GEORGE WASHINGTON UNIVERSITY HOSPITAL,2144
11001008702,HOSPITAL FOR SICK CHILDREN AND PEDIATRIC CENTER,2037
11001008702,HOWARD UNIVERSITY HOSPITAL,1456
11001008702,MEDSTAR NATIONAL REHABILITATION HOSPITAL,1594
11001008702,MEDSTAR WASHINGTON HOSPITAL CENTER,1755
11001008702,PROVIDENCE HOSPITAL,1514
11001008702,BRIDGEPOINT HOSPITAL CAPITOL HILL,1397
11001008702,WASHINGTON VA MEDICAL CENTER,1746
11001007707,BRIDGEPOINT HOSPITAL CAPITOL HILL,2635
11001007707,SAINT ELIZABETH'S HOSPITAL,1793
11001007709,BRIDGEPOINT HOSPITAL CAPITOL HILL,2457
11001007803,BRIDGEPOINT HOSPITAL CAPITOL HILL,2160
11001007803,SAINT ELIZABETH'S HOSPITAL,2590
11001007804,SAINT ELIZABETH'S HOSPITAL,2280
11001008803,CHILDREN'S NATIONAL MEDICAL CENTER,2570
11001008803,HOWARD UNIVERSITY HOSPITAL,1615
11001008803,BRIDGEPOINT HOSPITAL CAPITOL HILL,1118
11001008804,BRIDGEPOINT HOSPITAL CAPITOL HILL,2199
11001008903,GEORGE WASHINGTON UNIVERSITY HOSPITAL,2512
11001008903,HOWARD UNIVERSITY HOSPITAL,2445
11001008903,BRIDGEPOINT HOSPITAL CAPITOL HILL,1623
11001008904,CHILDREN'S NATIONAL MEDICAL CENTER,2562
11001008904,GEORGE WASHINGTON UNIVERSITY HOSPITAL,2250
11001008904,HOWARD UNIVERSITY HOSPITAL,2207
11001008904,BRIDGEPOINT HOSPITAL CAPITOL HILL,1361
11001008802,CHILDREN'S NATIONAL MEDICAL CENTER,2675
11001008802,GEORGE WASHINGTON UNIVERSITY HOSPITAL,2363
11001008802,HOWARD UNIVERSITY HOSPITAL,1777
11001008802,BRIDGEPOINT HOSPITAL CAPITOL HILL,1474
11001009810,BRIDGEPOINT HOSPITAL NATIONAL HARBOR,1053
11001009810,UNITED MEDICAL CENTER,1161
11001010800,CHILDREN'S NATIONAL MEDICAL CENTER,2204
11001010800,GEORGE WASHINGTON UNIVERSITY HOSPITAL,629
11001010800,HOWARD UNIVERSITY HOSPITAL,2302
11001010800,MEDSTAR - GEORGETOWN UNIVERSITY HOSPITAL,1957
11001010800,MEDSTAR NATIONAL REHABILITATION HOSPITAL,2441
11001010800,MEDSTAR WASHINGTON HOSPITAL CENTER,2602
11001010800,PROVIDENCE HOSPITAL,2473
11001010800,PSYCHIATRIC INSTITUTE OF WASHINGTON,1832
11001010800,SIBLEY MEMORIAL HOSPITAL,1848
11001010800,BRIDGEPOINT HOSPITAL CAPITOL HILL,2493
11001010800,WASHINGTON VA MEDICAL CENTER,2593
11001009102,CHILDREN'S NATIONAL MEDICAL CENTER,2227
11001009102,HOSPITAL FOR SICK CHILDREN AND PEDIATRIC CENTER,2629
11001009102,HOWARD UNIVERSITY HOSPITAL,2581
11001009102,MEDSTAR NATIONAL REHABILITATION HOSPITAL,2237
11001009102,MEDSTAR WASHINGTON HOSPITAL CENTER,2398
11001009102,PROVIDENCE HOSPITAL,2072
11001009102,BRIDGEPOINT HOSPITAL CAPITOL HILL,2215
11001009102,WASHINGTON VA MEDICAL CENTER,2290
11001009811,BRIDGEPOINT HOSPITAL NATIONAL HARBOR,1677
11001009811,SAINT ELIZABETH'S HOSPITAL,2614
11001009811,UNITED MEDICAL CENTER,1071
11001001002,CHILDREN'S NATIONAL MEDICAL CENTER,1692
11001001002,GEORGE WASHINGTON UNIVERSITY HOSPITAL,1696
11001001002,MEDSTAR - GEORGETOWN UNIVERSITY HOSPITAL,1918
11001001002,MEDSTAR NATIONAL REHABILITATION HOSPITAL,1950
11001001002,MEDSTAR WASHINGTON HOSPITAL CENTER,2111
11001001002,PSYCHIATRIC INSTITUTE OF WASHINGTON,676
11001001002,WASHINGTON VA MEDICAL CENTER,1997
11001007807,SAINT ELIZABETH'S HOSPITAL,2145
11001007806,SAINT ELIZABETH'S HOSPITAL,2449
11001007808,SAINT ELIZABETH'S HOSPITAL,2299
11001009201,CHILDREN'S NATIONAL MEDICAL CENTER,1673
11001009201,GEORGE WASHINGTON UNIVERSITY HOSPITAL,2295
11001009201,HOSPITAL FOR SICK CHILDREN AND PEDIATRIC CENTER,1735
11001009201,HOWARD UNIVERSITY HOSPITAL,1354
11001009201,MEDSTAR NATIONAL REHABILITATION HOSPITAL,1023
11001009201,MEDSTAR WASHINGTON HOSPITAL CENTER,1184
11001009201,PROVIDENCE HOSPITAL,1219
11001009201,PSYCHIATRIC INSTITUTE OF WASHINGTON,2328
11001009201,BRIDGEPOINT HOSPITAL CAPITOL HILL,2105
11001009201,WASHINGTON VA MEDICAL CENTER,1076
11001009203,CHILDREN'S NATIONAL MEDICAL CENTER,1213
11001009203,GEORGE WASHINGTON UNIVERSITY HOSPITAL,2116
11001009203,HOSPITAL FOR SICK CHILDREN AND PEDIATRIC CENTER,1937
11001009203,HOWARD UNIVERSITY HOSPITAL,1278
11001009203,MEDSTAR NATIONAL REHABILITATION HOSPITAL,1564
11001009203,MEDSTAR WASHINGTON HOSPITAL CENTER,1725
11001009203,PROVIDENCE HOSPITAL,1409
11001009203,BRIDGEPOINT HOSPITAL CAPITOL HILL,1926
11001009203,WASHINGTON VA MEDICAL CENTER,1617
11001009301,CHILDREN'S NATIONAL MEDICAL CENTER,1370
11001009301,GEORGE WASHINGTON UNIVERSITY HOSPITAL,2477
11001009301,HOSPITAL FOR SICK CHILDREN AND PEDIATRIC CENTER,1479
11001009301,HOWARD UNIVERSITY HOSPITAL,2239
11001009301,MEDSTAR NATIONAL REHABILITATION HOSPITAL,1380
11001009301,MEDSTAR WASHINGTON HOSPITAL CENTER,1541
11001009301,PROVIDENCE HOSPITAL,1223
11001009301,PSYCHIATRIC INSTITUTE OF WASHINGTON,2685
11001009301,BRIDGEPOINT HOSPITAL CAPITOL HILL,2182
11001009301,WASHINGTON VA MEDICAL CENTER,1433
11001009302,CHILDREN'S NATIONAL MEDICAL CENTER,1885
11001009302,GEORGE WASHINGTON UNIVERSITY HOSPITAL,2641
11001009302,HOSPITAL FOR SICK CHILDREN AND PEDIATRIC CENTER,1875
11001009302,HOWARD UNIVERSITY HOSPITAL,1567
11001009302,MEDSTAR NATIONAL REHABILITATION HOSPITAL,1546
11001009302,MEDSTAR WASHINGTON HOSPITAL CENTER,1707
11001009302,PROVIDENCE HOSPITAL,1347
11001009302,BRIDGEPOINT HOSPITAL CAPITOL HILL,2346
11001009302,WASHINGTON VA MEDICAL CENTER,1599
11001001100,CHILDREN'S NATIONAL MEDICAL CENTER,2421
11001001100,GEORGE WASHINGTON UNIVERSITY HOSPITAL,1915
11001001100,MEDSTAR - GEORGETOWN UNIVERSITY HOSPITAL,2137
11001001100,MEDSTAR NATIONAL REHABILITATION HOSPITAL,2679
11001001100,PSYCHIATRIC INSTITUTE OF WASHINGTON,810
11001001200,CHILDREN'S NATIONAL MEDICAL CENTER,1960
11001001200,GEORGE WASHINGTON UNIVERSITY HOSPITAL,1983
11001001200,MEDSTAR - GEORGETOWN UNIVERSITY HOSPITAL,2205
11001001200,MEDSTAR NATIONAL REHABILITATION HOSPITAL,2218
11001001200,MEDSTAR WASHINGTON HOSPITAL CENTER,2379
11001001200,PSYCHIATRIC INSTITUTE OF WASHINGTON,822
11001001200,WASHINGTON VA MEDICAL CENTER,2265
11001001401,PSYCHIATRIC INSTITUTE OF WASHINGTON,2362
11001009804,316TH MEDICAL SQUADRON,1838
11001009804,BRIDGEPOINT HOSPITAL NATIONAL HARBOR,2068
11001009804,SAINT ELIZABETH'S HOSPITAL,1486
11001009804,UNITED MEDICAL CENTER,1491
11001001702,HOWARD UNIVERSITY HOSPITAL,2477
11001010300,CHILDREN'S NATIONAL MEDICAL CENTER,1724
11001010300,HOWARD UNIVERSITY HOSPITAL,1591
11001010300,MEDSTAR NATIONAL REHABILITATION HOSPITAL,1982
11001010300,MEDSTAR WASHINGTON HOSPITAL CENTER,2143
11001010300,WASHINGTON VA MEDICAL CENTER,1997
11001001804,CHILDREN'S NATIONAL MEDICAL CENTER,1827
11001001804,HOWARD UNIVERSITY HOSPITAL,1726
11001001804,MEDSTAR NATIONAL REHABILITATION HOSPITAL,2085
11001001804,MEDSTAR WASHINGTON HOSPITAL CENTER,2246
11001001804,PSYCHIATRIC INSTITUTE OF WASHINGTON,2514
11001001804,WASHINGTON VA MEDICAL CENTER,2132
11001001901,CHILDREN'S NATIONAL MEDICAL CENTER,1907
11001001901,HOWARD UNIVERSITY HOSPITAL,1806
11001001901,MEDSTAR NATIONAL REHABILITATION HOSPITAL,2165
11001001901,MEDSTAR WASHINGTON HOSPITAL CENTER,2326
11001001901,WASHINGTON VA MEDICAL CENTER,2212
11001005001,CHILDREN'S NATIONAL MEDICAL CENTER,1659
11001005001,GEORGE WASHINGTON UNIVERSITY HOSPITAL,1612
11001005001,HOSPITAL FOR SICK CHILDREN AND PEDIATRIC CENTER,2698
11001005001,HOWARD UNIVERSITY HOSPITAL,1221
11001005001,MEDSTAR NATIONAL REHABILITATION HOSPITAL,1917
11001005001,MEDSTAR WASHINGTON HOSPITAL CENTER,2078
11001005001,PROVIDENCE HOSPITAL,2605
11001005001,PSYCHIATRIC INSTITUTE OF WASHINGTON,2583
11001005001,SIBLEY MEMORIAL HOSPITAL,2674
11001005001,BRIDGEPOINT HOSPITAL CAPITOL HILL,1673
11001005001,WASHINGTON VA MEDICAL CENTER,2341
11001009807,BRIDGEPOINT HOSPITAL NATIONAL HARBOR,444
11001009807,UNITED MEDICAL CENTER,1784
11001009802,BRIDGEPOINT HOSPITAL NATIONAL HARBOR,1766
11001009802,UNITED MEDICAL CENTER,1296
11001009803,316TH MEDICAL SQUADRON,2178
11001009803,BRIDGEPOINT HOSPITAL NATIONAL HARBOR,1527
11001009803,SAINT ELIZABETH'S HOSPITAL,1635
11001009803,UNITED MEDICAL CENTER,2015
11001002002,CHILDREN'S NATIONAL MEDICAL CENTER,1706
11001002002,GEORGE WASHINGTON UNIVERSITY HOSPITAL,2649
11001002002,HOWARD UNIVERSITY HOSPITAL,1404
11001002002,MEDSTAR NATIONAL REHABILITATION HOSPITAL,1964
11001002002,MEDSTAR WASHINGTON HOSPITAL CENTER,2125
11001002002,PSYCHIATRIC INSTITUTE OF WASHINGTON,2396
11001002002,WASHINGTON VA MEDICAL CENTER,2011
11001002101,CHILDREN'S NATIONAL MEDICAL CENTER,1899
11001002101,HOWARD UNIVERSITY HOSPITAL,1597
11001002101,MEDSTAR NATIONAL REHABILITATION HOSPITAL,2157
11001002101,MEDSTAR WASHINGTON HOSPITAL CENTER,2318
11001002101,WASHINGTON VA MEDICAL CENTER,2204
11001002900,CHILDREN'S NATIONAL MEDICAL CENTER,878
11001002900,GEORGE WASHINGTON UNIVERSITY HOSPITAL,2498
11001002900,HOWARD UNIVERSITY HOSPITAL,1332
11001002900,MEDSTAR NATIONAL REHABILITATION HOSPITAL,1103
11001002900,MEDSTAR WASHINGTON HOSPITAL CENTER,1264
11001002900,PROVIDENCE HOSPITAL,2394
11001002900,PSYCHIATRIC INSTITUTE OF WASHINGTON,2532
11001002900,WASHINGTON VA MEDICAL CENTER,1156
11001003100,CHILDREN'S NATIONAL MEDICAL CENTER,591
11001003100,HOSPITAL FOR SICK CHILDREN AND PEDIATRIC CENTER,2685
11001003100,HOWARD UNIVERSITY HOSPITAL,790
11001003100,MEDSTAR NATIONAL REHABILITATION HOSPITAL,849
11001003100,MEDSTAR WASHINGTON HOSPITAL CENTER,1010
11001003100,PROVIDENCE HOSPITAL,2200
11001003100,PSYCHIATRIC INSTITUTE OF WASHINGTON,1510
11001003100,BRIDGEPOINT HOSPITAL CAPITOL HILL,1851
11001003100,WASHINGTON VA MEDICAL CENTER,896
11001003200,CHILDREN'S NATIONAL MEDICAL CENTER,557
11001003200,HOSPITAL FOR SICK CHILDREN AND PEDIATRIC CENTER,2651
11001003200,HOWARD UNIVERSITY HOSPITAL,835
11001003200,MEDSTAR NATIONAL REHABILITATION HOSPITAL,815
11001003200,MEDSTAR WASHINGTON HOSPITAL CENTER,976
11001003200,PROVIDENCE HOSPITAL,2166
11001003200,PSYCHIATRIC INSTITUTE OF WASHINGTON,1606
11001003200,BRIDGEPOINT HOSPITAL CAPITOL HILL,1896
11001003200,WASHINGTON VA MEDICAL CENTER,862
11001003400,CHILDREN'S NATIONAL MEDICAL CENTER,1140
11001003400,GEORGE WASHINGTON UNIVERSITY HOSPITAL,2318
11001003400,HOSPITAL FOR SICK CHILDREN AND PEDIATRIC CENTER,2632
11001003400,HOWARD UNIVERSITY HOSPITAL,452
11001003400,MEDSTAR NATIONAL REHABILITATION HOSPITAL,1497
11001003400,MEDSTAR WASHINGTON HOSPITAL CENTER,1508
11001003400,PROVIDENCE HOSPITAL,1633
11001003400,PSYCHIATRIC INSTITUTE OF WASHINGTON,2584
11001003400,BRIDGEPOINT HOSPITAL CAPITOL HILL,1592
11001003400,WASHINGTON VA MEDICAL CENTER,1654
11001003500,CHILDREN'S NATIONAL MEDICAL CENTER,1293
11001003500,GEORGE WASHINGTON UNIVERSITY HOSPITAL,2112
11001003500,HOWARD UNIVERSITY HOSPITAL,811
11001003500,MEDSTAR NATIONAL REHABILITATION HOSPITAL,1324
11001003500,MEDSTAR WASHINGTON HOSPITAL CENTER,1662
11001003500,PROVIDENCE HOSPITAL,2344
11001003500,PSYCHIATRIC INSTITUTE OF WASHINGTON,1724
11001003500,BRIDGEPOINT HOSPITAL CAPITOL HILL,1532
11001003500,WASHINGTON VA MEDICAL CENTER,1377
