ACCT,Steet Name,City,ZIP,Licence Type,Lic Status,Point X,Point Y
332624,Colesville Manor,SILV,20904,ACC,EX,"1,311,838.00","516,893.00"
1741671,Friars,BETH,20817,ACC,LI,"1,274,691.00","489,341.00"
624230,Elgin,BETH,20817,RLU,AP,"1,274,671.00","477,097.00"
277885,Norwood,SILV,20906,RLU,AP,"1,310,651.00","525,154.00"
40962,Trundle,DICK,20842,RLU,AP,"1,179,133.00","542,679.00"
2158098,Colesberg,SILV,20905,ACC,EX,"1,318,686.00","524,881.00"
388328,Berryville,GERM,20874,RLU,AP,"1,219,885.00","515,281.00"
2060221,Manor Stone,GERM,20874,RLU,AP,"1,221,833.00","515,140.00"
3447050,Aventurine,SILV,20904,ACC,LI,"1,322,610.00","510,838.00"
1761623,Black Rock,GERM,20874,ACC,LI,"1,225,486.00","535,076.00"
3373995,Black Kettle,BOYD,20841,RLU,AP,"1,229,057.00","545,052.00"
407228,Chestnut Oak,GAIT,20878,ACC,EX,"1,234,781.00","525,170.00"
3245751,Quail Run,GAIT,20878,RLU,PE,"1,236,077.00","523,409.00"
2609975,Bracken Hill,POTO,20854,RLU,AP,"1,238,079.00","506,415.00"
523682,Bradley,CHEV,20815,RLU,PE,"1,287,859.00","477,401.00"
410966,Bradbury,GAIT,20878,ACC,LI,"1,240,496.00","533,711.00"
391782,Stoney Creek,POTO,20854,RLU,AP,"1,238,398.00","504,101.00"
2770827,Turley,NPOT,20878,RLU,AP,"1,240,362.00","524,481.00"
2307290,Mossbrook,GERM,20874,RLU,AP,"1,240,502.00","548,292.00"
815617,St Johnsbury,GERM,20876,RLU,AP,"1,244,813.00","549,255.00"
2740103,Ridge View,BOYD,20841,RLU,AP,"1,240,370.00","565,643.00"
2751301,Brink Meadow,GERM,20876,RLU,AP,"1,242,884.00","563,685.00"
2266052,Shakespeare,GERM,20876,RLU,AP,"1,244,319.00","558,549.00"
31592,Greenfield,GERM,20876,RLU,AP,"1,240,682.00","555,975.00"
412032,Cherry Grove,GAIT,20878,ACC,LI,"1,244,587.00","525,178.00"
2404580,Pleasant Meadow,NPOT,20878,RLU,AP,"1,245,134.00","518,299.00"
1472634,High Point,GAIT,20879,RLU,AP,"1,245,475.00","546,409.00"
1472315,Rambling,GAIT,20879,RLU,AP,"1,245,765.00","547,051.00"
411174,Bradbury,GAIT,20878,ACC,PE,"1,240,087.00","533,883.00"
3218154,Potomac Oaks,ROCK,20850,RLU,PE,"1,246,659.00","515,434.00"
2878158,Centurion,POTO,20854,RLU,AP,"1,243,907.00","512,273.00"
3077170,Seneca Forest,GERM,20876,RLU,AP,"1,245,977.00","560,673.00"
3474827,Potomac Oaks,ROCK,20850,RLU,AP,"1,248,768.00","516,443.00"
3113198,Beechknoll,POTO,20854,RLU,AP,"1,250,468.00","514,574.00"
817376,Staleybridge,GERM,20876,RLU,AP,"1,243,774.00","546,985.00"
1553387,Joshua Tree,GAIT,20878,ACC3,LI,"1,245,936.00","522,754.00"
856140,Spring Knoll,ROCK,20854,ACC3,LI,"1,249,107.00","494,799.00"
867644,Falls,POTO,20854,RLU,AP,"1,247,388.00","485,018.00"
2866151,River,POTO,20854,RLU,AP,"1,250,546.00","493,997.00"
397994,Albermyrtle,POTO,20854,RLU,AP,"1,245,819.00","506,691.00"
2833093,Knights,GERM,20876,RLU,AP,"1,247,545.00","552,123.00"
1884930,Dalyn,POTO,20854,RLU,AP,"1,236,503.00","502,623.00"
2335834,Cloverdale,GERM,20874,ACC3,LI,"1,233,810.00","556,918.00"
2098212,Beall Creek,GAIT,20877,ACC,EX,"1,236,616.00","506,368.00"
1743134,Bradley,CHEV,20815,ACC,EX,"1,290,774.00","477,220.00"
3149408,Lake Placid,GERM,20874,ACC3,FD,"1,233,708.00","546,169.00"
1069511,Cedar,TAKO,20912,ACC,EX,"1,308,003.00","477,360.00"
3550727,Brass Ring,POTO,20854,RLU,AP,"1,232,961.00","503,468.00"
2436200,Clear Morning,GERM,20874,RLU,AP,"1,232,127.00","558,100.00"
2289177,Peach Leaf,GAIT,20878,ACC,LI,"1,242,289.00","526,424.00"
3001672,Emerald,GERM,20876,RLU,AP,"1,240,029.00","560,218.00"
28036,Joyce,CLAR,20871,ACC,EX,"1,231,802.00","589,082.00"
3329235,Bowman Ridge,GERM,20874,RLU,AP,"1,231,854.00","549,977.00"
18287,Shawnee,CLAR,20871,RLU,AP,"1,236,551.00","569,993.00"
3170542,Allegheny,TAKO,20912,ACC3,FC,"1,310,739.00","474,877.00"
62695,Strathmore,KENS,20895,RLU,AP,"1,282,889.00","498,328.00"
1230144,Farthing,SILV,20906,ACC,EX,"1,292,972.00","508,295.00"
3173237,Poplar,TAKO,20912,ACC,EX,"1,311,490.00","475,368.00"
352405,Sarah,SILV,20904,RLU,AP,"1,317,017.00","504,941.00"
1139658,Thornwood,KENS,20895,ACC,EX,"1,287,502.00","492,550.00"
344212,Davan,SILV,20904,RLU,AP,"1,309,173.00","507,977.00"
1321240,Palmira,SILV,20906,ACC,PE,"1,290,552.00","513,944.00"
471337,Leland,CHEV,20815,RLU,AP,"1,287,428.00","478,417.00"
492113,Aberdeen,BETH,20814,RLU,AP,"1,280,156.00","480,978.00"
1075396,Sycamore,TAKO,20912,ACC,PE,"1,310,700.00","477,342.00"
1387034,Vista,ROCK,20853,RLU,PE,"1,284,934.00","516,503.00"
481245,Cabin,CABI,20818,RLU,AP,"1,268,437.00","476,903.00"
2879288,Garden Grove,LAYT,20882,RLU,AP,"1,274,473.00","556,961.00"
1835212,Baileys,SILV,20906,RLU,PE,"1,294,700.00","525,846.00"
1600263,Walhonding,BETH,20816,RLU,AP,"1,275,490.00","471,179.00"
3110207,Delta,LAYT,20882,RLU,AP,"1,267,202.00","557,090.00"
2065906,Damascus,GAIT,20882,RLU,AP,"1,268,610.00","582,395.00"
1885694,Dinwiddie,ROCK,0,RLU,PE,"1,270,015.00","503,157.00"
2384300,Montrose Village,ROCK,20852,RLU,AP,"1,275,514.00","505,549.00"
2734545,Rosewood Manor,GAIT,20882,ACC,EX,"1,268,686.00","554,783.00"
670588,Newbold,BETH,20817,RLU,AP,"1,273,501.00","490,129.00"
682597,Owen,BETH,20817,ACC,LI,"1,271,463.00","475,987.00"
1077613,Pine,TAKO,20912,ACC,EX,"1,309,690.00","476,330.00"
1828488,Granby,ROCK,20855,ACC3,LI,"1,277,101.00","546,463.00"
509293,Mohican,BETH,20816,ACC3,LI,"1,275,813.00","473,055.00"
1679538,Beechdale,ROCK,20855,ACC,LI,"1,276,069.00","544,408.00"
1869821,Overlea,BETH,20816,ACC,LI,"1,278,226.00","468,745.00"
83994,Sedgwick,ROCK,20852,RLU,AP,"1,277,458.00","501,458.00"
134684,Neilwood,ROCK,20853,ACC,LI,"1,277,510.00","502,427.00"
2304946,Rolling,DERW,20855,ACC3,FC,"1,276,956.00",
385,Muncaster,DERW,20855,ACC,PE,"1,278,358.00","545,633.00"
698206,Cheshire,BETH,20814,ACC,LI,"1,278,436.00","494,655.00"
618683,Kenhill,BETH,20817,RLU,AP,"1,277,627.00","477,549.00"
632662,Singleton,BETH,20817,ACC,LI,"1,276,694.00","490,540.00"
660283,Buttonwood,BETH,20816,RLU,PE,"1,275,258.00","474,313.00"
3302076,Golf Estates,LAYT,20882,RLU,AP,"1,277,496.00","563,389.00"
423786,MacArthur,BETH,20816,ACC,LI,"1,276,501.00","467,913.00"
603658,Kirkwood,BETH,20816,RLU,AP,"1,280,590.00","472,429.00"
448308,Ridge,BETH,20816,ACC,LI,"1,277,569.00","465,153.00"
68497,Wilwyn,ROCK,20852,RLU,AP,"1,285,802.00","501,118.00"
450563,Broad,BETH,20816,ACC,LI,"1,278,654.00","463,490.00"
572614,Old Georgetown,BETH,20814,ACC3,LI,"1,279,554.00","489,272.00"
651995,Rayburn,BETH,20817,RLU,AP,"1,278,046.00","482,213.00"
925000,Clarksburg,DAMA,20872,RLU,AP,"1,247,269.00","603,738.00"
852266,Oaklyn,POTO,20854,RLU,AP,"1,250,512.00","487,449.00"
878738,Pleasant Hill,POTO,20854,RLU,AP,"1,246,962.00","489,366.00"
2876230,MacArthur,POTO,20854,RLU,AP,"1,249,004.00","478,480.00"
2692495,Outpost,NPOT,20878,RLU,AP,"1,248,849.00","518,557.00"
895130,Meadow Creek,POTO,20854,RLU,AP,"1,248,393.00","506,392.00"
2997217,Yellow Leaf,GERM,20876,ACC3,LI,"1,247,438.00","553,377.00"
2820320,Brickyard,POTO,20854,RLU,AP,"1,252,093.00","479,028.00"
878317,Stanmore,POTO,20854,RLU,PE,"1,248,788.00","491,176.00"
2804273,Cross Laurel,GERM,20876,RLU,AP,"1,248,230.00","554,366.00"
1544862,Piney Glen,POTO,20854,RLU,AP,"1,248,244.00","508,329.00"
2655527,Avenel Farm,POTO,20854,RLU,PE,"1,253,013.00","485,833.00"
88768,Cleveland,ROCK,20850,RLU,AP,"1,257,489.00","511,187.00"
3211621,Travilah,ROCK,20850,RLU,AP,"1,251,663.00","517,710.00"
860940,Glen,POTO,20854,RLU,AP,"1,254,312.00","495,582.00"
933352,Watkins,GAIT,20882,ACC,LI,"1,256,950.00","570,551.00"
2695055,Natelli Woods,BETH,20817,RLU,PE,"1,254,291.00","480,843.00"
813904,Emory Grove,GAIT,20877,ACC,EX,"1,256,227.00","545,974.00"
850586,Edison,POTO,20854,RLU,PE,"1,252,003.00","498,100.00"
2650137,Preakness,DAMA,20872,RLU,AP,"1,249,446.00","580,077.00"
945202,Fox Ridge,DAMA,20872,RLU,AP,"1,252,325.00","602,880.00"
945111,Honeysuckle,DAMA,20872,ACC,LI,"1,252,396.00","602,351.00"
3248116,Aldersgate,ROCK,20850,RLU,AP,"1,254,158.00","507,868.00"
2648921,Sylvan Glade,NO P,20878,RLU,AP,"1,251,300.00","519,693.00"
2994555,Ginkgo,ROCK,20850,RLU,AP,"1,254,814.00","516,365.00"
3425840,Highland Manor,LAYT,20882,RLU,AP,"1,254,832.00","583,775.00"
943497,Mt. Vernon,DAMA,20872,RLU,AP,"1,255,453.00","588,964.00"
867165,Brickyard,POTO,20854,RLU,AP,"1,250,049.00","483,773.00"
139722,Wooden Bridge,POTO,20854,RLU,AP,"1,257,557.00","508,162.00"
2886956,River,POTO,20854,RLU,AP,"1,256,972.00","489,240.00"
2546434,Foxlair,LAYT,20882,RLU,AP,"1,257,340.00","566,223.00"
124300,Atwell,POTO,20854,ACC,EX,"1,261,749.00","506,197.00"
1511463,Aspenwood,GAIT,20879,RLU,AP,"1,256,116.00","555,753.00"
3259575,Eldwick,POTO,20854,RLU,AP,"1,257,271.00","499,625.00"
13742,Goshen,LAYT,20882,RLU,AP,"1,259,681.00","559,275.00"
866775,Inglewood,POTO,20854,RLU,AP,"1,259,727.00","489,245.00"
1703606,Sprinklewood,POTO,20854,RLU,AP,"1,258,605.00","499,619.00"
3060682,Traxell,GAIT,20879,RLU,AP,"1,260,127.00","544,044.00"
138875,Orchard Brook,POTO,20854,RLU,AP,"1,258,673.00","507,910.00"
3015656,Falls,POTO,20854,RLU,AP,"1,261,211.00","506,101.00"
102393,Deborah,POTO,20854,RLU,AP,"1,264,911.00","502,289.00"
2347865,Cross Country,GAIT,20879,RLU,AP,"1,261,768.00","544,566.00"
2347854,Cross Country,GAIT,20879,RLU,PE,"1,261,799.00","544,638.00"
3351544,Endicott,BETH,20817,RLU,AP,"1,265,185.00","478,600.00"
875360,Fenway,BETH,20817,ACC,LI,"1,263,578.00","481,628.00"
3077658,80th,CABI,20818,ACC,PE,"1,265,415.00","477,203.00"
1977681,Mountain Laurel,GAIT,20879,ACC,EX,"1,264,327.00","544,551.00"
93366,Jubal Early,ROCK,20854,ACC3,LI,"1,264,003.00","505,509.00"
481507,Riverside,CABI,20818,ACC,LI,"1,265,660.00","475,518.00"
3191965,Thornley,BETH,20817,ACC,EX,"1,266,200.00","479,880.00"
92566,Inspection House,ROCK,20854,ACC3,LI,"1,265,843.00","505,413.00"
93344,Postoak,POTO,20854,ACC,LI,"1,265,657.00","504,599.00"
1914126,Amity,GAIT,20877,ACC,LI,"1,265,388.00","536,787.00"
3068698,Brown,WASH,20880,RLU,AP,"1,263,245.00","534,782.00"
101412,Charen,POTO,20852,ACC,LI,"1,264,952.00","503,812.00"
874228,Peck,BETH,20817,ACC,EX,"1,264,097.00","482,944.00"
2873896,Watkins,GAIT,20882,ACC3,LI,"1,260,546.00","571,906.00"
3150156,Windsor Knoll,GAIT,20882,RLU,PE,"1,265,947.00","557,228.00"
2866867,Woodfield,GAIT,20882,RLU,AP,"1,266,745.00","558,551.00"
436106,Arrowood,BETH,20817,RLU,AP,"1,269,582.00","487,061.00"
483200,Tomlinson,CABI,20818,RLU,AP,"1,267,470.00","476,901.00"
1857617,Seven Locks,CABI,20818,ACC,LI,"1,266,546.00","477,002.00"
3428513,Redland,ROCK,20855,ACC,LI,"1,271,553.00","535,743.00"
642411,Inglemere,BETH,20817,RLU,AP,"1,273,528.00","492,410.00"
2752180,Grenadier,BETH,20817,RLU,AP,"1,267,056.00","491,060.00"
2734818,Rosewood Manor,GAIT,20879,RLU,PE,"1,268,639.00","554,301.00"
13640,Exodus,GAIT,20882,RLU,AP,"1,265,468.00","559,465.00"
484591,77th,CABI,20818,ACC,EX,"1,267,214.00","476,476.00"
2734671,Rosewood Manor,GAIT,20879,RLU,AP,"1,268,932.00","554,642.00"
15730,Etchison,GAIT,20882,RLU,AP,"1,269,346.00","581,266.00"
669168,Buttermere,BETH,20817,ACC3,LI,"1,272,562.00","492,501.00"
856710,Thomas Branch,BETH,20817,RLU,AP,"1,271,009.00","492,919.00"
437932,Arrowood,BETH,20817,RLU,AP,"1,270,895.00","486,397.00"
869596,Carteret,BETH,20817,ACC,PE,"1,267,915.00","487,840.00"
683078,Braeburn,BETH,20817,RLU,AP,"1,271,921.00","477,059.00"
442392,Radnor,BETH,20817,RLU,AP,"1,280,233.00","477,720.00"
627517,Newmarket,BETH,20817,RLU,AP,"1,276,515.00","480,828.00"
2852096,Belle Chase,LAYT,20882,RLU,AP,"1,273,585.00","554,504.00"
587581,Bradley,BETH,20817,ACC3,LI,"1,277,517.00","483,565.00"
2036380,Rolling Hill,LAYT,20882,ACC,EX,"1,274,152.00","566,675.00"
2896090,Burning Tree,BETH,20817,RLU,AP,"1,273,835.00","487,734.00"
1688817,Hipsley Mill,LAYT,20882,ACC,PE,"1,273,591.00","578,581.00"
598208,Bellevue,BETH,20814,ACC,LI,"1,284,450.00","490,540.00"
1447333,Dabney,ROCK,20853,ACC,LI,"1,285,593.00","519,796.00"
2725197,Thornbush,BETH,20814,RLU,AP,"1,281,215.00","494,579.00"
1374998,Canterbury,ROCK,20853,ACC,EX,"1,288,629.00","517,389.00"
1851223,Sundown,LAYT,20882,ACC,LI,"1,286,226.00","565,117.00"
1165112,Bennion,SILV,20906,ACC,LI,"1,287,244.00","504,544.00"
1320347,Dauphine,SILV,20906,ACC,LI,"1,290,436.00","512,788.00"
2093312,Skymist,OLNE,20832,RLU,AP,"1,287,540.00","541,040.00"
590852,Kentbury,BETH,20814,RLU,AP,"1,288,329.00","482,092.00"
766790,Kilt,OLNE,20832,RLU,AP,"1,288,818.00","544,124.00"
752097,Marlin,ROCK,20853,ACC,LI,"1,281,769.00","521,367.00"
1339676,Weller,SILV,20906,RLU,AP,"1,288,935.00","507,917.00"
1262856,Wexford,KENS,20895,RLU,AP,"1,289,298.00","498,922.00"
597330,Parkhill,BETH,20814,ACC,LI,"1,286,015.00","489,444.00"
725493,Prestwood,OLNE,20832,RLU,AP,"1,286,249.00","539,775.00"
1339608,Isbell,SILV,20906,RLU,AP,"1,288,585.00","509,127.00"
1292671,Jeffry,SILV,20906,ACC,LI,"1,290,100.00","509,851.00"
471931,45th,CHEV,20815,RLU,PE,"1,286,958.00","478,662.00"
694846,Woolsey,CHEV,20815,RLU,AP,"1,292,854.00","481,177.00"
455406,Western,CHEV,20815,RLU,AP,"1,291,728.00","475,262.00"
1247348,Randolph,SILV,20902,RLU,AP,"1,291,015.00","506,612.00"
531671,Rossdhu,CHEV,20815,ACC,LI,"1,293,456.00","481,181.00"
708853,Georgia,BRKV,20833,RLU,AP,"1,293,796.00","559,070.00"
729560,Queen Elizabeth,OLNE,20832,ACC,EX,"1,289,702.00","537,832.00"
729786,Queen Mary,OLNE,20832,ACC,LI,"1,289,832.00","538,797.00"
728020,Howe,OLNE,20832,ACC,LI,"1,291,932.00","539,446.00"
1315410,Georgia,SILV,20906,ACC,LI,"1,294,392.00","511,058.00"
2774131,Thatcher,OLNE,20832,RLU,AP,"1,291,753.00","535,778.00"
1244607,Connecticut,SILV,20906,RLU,AP,"1,291,169.00","510,214.00"
1156221,Saul,KENS,20895,RLU,AP,"1,292,348.00","491,573.00"
1150793,Kenmore,KENS,20895,ACC3,LI,"1,293,033.00","491,265.00"
524128,Curtis,CHEV,20815,RLU,AP,"1,287,658.00","478,898.00"
437544,Le Velle,CHEV,20815,ACC3,LI,"1,293,863.00","487,842.00"
1184720,Parker,SILV,20902,RLU,AP,"1,294,303.00","502,619.00"
1183350,Blueridge,SILV,20902,RLU,AP,"1,296,911.00","501,404.00"
1185143,Blueridge,SILV,20902,RLU,AP,"1,296,966.00","501,392.00"
1398675,College View,SILV,20902,RLU,AP,"1,293,633.00","501,462.00"
1246606,Janet,SILV,20906,ACC3,PE,"1,291,483.00","509,540.00"
1247053,Crisfield,SILV,20906,ACC,PE,"1,292,018.00","510,657.00"
1817100,Briars,BRKV,20833,ACC,EX,"1,292,570.00","546,724.00"
1250916,Urbana,SILV,20906,RLU,AP,"1,295,752.00","507,629.00"
1192627,Weller,SILV,20902,RLU,AP,"1,294,755.00","509,683.00"
645380,Western,CHEV,20815,ACC,LI,"1,294,677.00","478,214.00"
703760,Holiday,BRKV,20833,RLU,AP,"1,294,654.00","553,931.00"
3046316,Viburnum,OLNE,20832,RLU,AP,"1,294,734.00","544,084.00"
1169280,Sigsbee,WHEA,20906,ACC3,PE,"1,288,071.00","505,811.00"
1171660,Gridley,SILV,20906,RLU,AP,"1,287,284.00","505,869.00"
727151,Holly Ridge,ROCK,20853,RLU,PE,"1,288,103.00","527,735.00"
590533,Maple,BETH,20814,ACC3,LI,"1,287,612.00","482,831.00"
1170803,Veirs Mill,SILV,20906,RLU,AP,"1,289,167.00","505,648.00"
1170186,Clearfield,SILV,20906,RLU,AP,"1,287,351.00","506,599.00"
1305901,Eastland,ROCK,20853,ACC3,PE,"1,286,867.00","515,939.00"
1345930,Culver,KENS,20895,ACC,LI,"1,289,208.00","489,092.00"
1809281,Damascus,GAIT,20882,RLU,AP,"1,286,862.00","568,301.00"
498622,Chelsea,BETH,20814,ACC3,LI,"1,285,765.00","483,751.00"
1139818,Saul,KENS,20895,ACC3,LI,"1,285,928.00","492,712.00"
589933,Sleaford,BETH,20814,RLU,AP,"1,287,542.00","481,910.00"
639377,Kerry,CHEV,20815,RLU,PE,"1,291,911.00","482,917.00"
1286910,Jeffry,SILV,20906,RLU,AP,"1,289,984.00","509,867.00"
1372033,London,ROCK,20853,RLU,AP,"1,289,553.00","517,711.00"
1274832,Parkland,ROCK,20853,RLU,PE,"1,287,358.00","510,729.00"
3101098,Tackbrooke,OLNE,20832,RLU,AP,"1,283,361.00","544,142.00"
585183,Rayburn,BETH,20817,RLU,AP,"1,278,278.00","484,442.00"
516551,Kenwood,CHEV,20815,RLU,AP,"1,281,829.00","475,162.00"
589000,Hempstead,BETH,20817,RLU,AP,"1,279,190.00","484,183.00"
663388,Redwing,BETH,20817,ACC,LI,"1,276,325.00","475,746.00"
580330,Hempstead,BETH,20817,ACC,LI,"1,279,302.00","487,363.00"
2706525,Fraley Farm,DERW,20855,RLU,AP,"1,279,948.00","541,845.00"
649822,Oldchester,BETH,20814,ACC3,LI,"1,280,486.00","480,016.00"
679340,Ipswich,BETH,20814,RLU,AP,"1,279,824.00","492,027.00"
634876,Belhaven,BETH,20817,ACC,EX,"1,278,087.00","491,751.00"
515317,Jefferson,BETH,20817,RLU,AP,"1,279,805.00","484,226.00"
735116,Woodway,DERW,20855,RLU,PE,"1,279,001.00","545,554.00"
2616878,Azalea,DERW,20855,RLU,PE,"1,279,602.00","541,901.00"
580727,Sonoma,BETH,20817,RLU,AP,"1,277,614.00","486,767.00"
690484,Alta Vista,BETH,20817,ACC,LI,"1,281,917.00","489,445.00"
543840,West Virginia,BETH,20814,ACC3,LI,"1,286,217.00","482,272.00"
734987,Shremor,ROCK,20855,ACC,LI,"1,279,776.00","546,181.00"
65142,Aurora,KENS,20895,ACC,LI,"1,284,465.00","498,630.00"
661117,Westridge,BETH,20816,ACC,LI,"1,282,808.00","470,376.00"
1304768,Mercury,ROCK,20853,RLU,AP,"1,284,564.00","509,736.00"
68156,Ashley,ROCK,20852,RLU,AP,"1,286,140.00","504,773.00"
1384667,Arctic,ROCK,20853,ACC,LI,"1,284,778.00","514,681.00"
441158,Glenbrook,BETH,20814,ACC,LI,"1,283,131.00","481,650.00"
1303172,Iris,ROCK,20853,ACC3,PE,"1,285,026.00","514,024.00"
2859133,Exeter,BETH,20814,RLU,AP,"1,282,890.00","479,746.00"
500384,Windsor,BETH,20814,ACC3,LI,"1,285,679.00","483,832.00"
1389248,Arctic,ROCK,20853,ACC,LI,"1,285,325.00","516,949.00"
515033,Garfield,BETH,20817,RLU,AP,"1,279,447.00","484,884.00"
536241,Essex,CHEV,20815,RLU,AP,"1,284,207.00","473,797.00"
1280002,Independence,ROCK,20853,RLU,AP,"1,286,734.00","512,629.00"
543656,Highland,BETH,20814,ACC,LI,"1,285,677.00","482,357.00"
471394,Elm,CHEV,20815,RLU,AP,"1,286,695.00","479,401.00"
707448,Zion,GAIT,20879,RLU,AP,"1,284,651.00","557,712.00"
441717,Battery,BETH,20814,ACC,EX,"1,282,843.00","481,694.00"
1445482,Norbeck,ROCK,20853,RLU,AP,"1,283,889.00","521,620.00"
598185,Rockville,BETH,20814,ACC,LI,"1,284,321.00","490,661.00"
702696,Emory,ROCK,20853,RLU,AP,"1,288,497.00","532,001.00"
1370331,Dunnel,KENS,20895,RLU,AP,"1,288,650.00","490,196.00"
2926222,Brookeville,BRKV,20833,RLU,AP,"1,287,938.00","552,238.00"
90410,Waycross,KENS,20895,RLU,AP,"1,283,647.00","500,758.00"
443567,Burling,BETH,20814,RLU,AP,"1,281,373.00","478,532.00"
546717,Duvall,BETH,20816,ACC,LI,"1,282,727.00","467,319.00"
1411192,Walbridge,ROCK,20853,RLU,AP,"1,285,111.00","509,340.00"
63143,Aurora,KENS,20895,RLU,AP,"1,283,926.00","498,433.00"
1142942,Amherst,BETH,20814,ACC,EX,"1,286,406.00","491,724.00"
596803,Asbury,BETH,20814,ACC,LI,"1,284,194.00","490,900.00"
3163752,Poplar,TAKO,20912,ACC3,PE,"1,311,963.00","474,939.00"
284232,Burnt Mills,SILV,20901,ACC,LI,"1,313,388.00","498,475.00"
1076983,Sycamore,TAKO,20912,ACC,EX,"1,311,282.00","476,887.00"
2100817,Carona,SILV,20905,RLU,AP,"1,305,033.00","521,473.00"
1324675,LeBaron,SILV,20902,ACC,LI,"1,308,250.00","502,753.00"
1351656,Lawnsberry,SILV,20901,ACC,LI,"1,312,905.00","490,894.00"
344644,Falmouth,SILV,20904,ACC3,LI,"1,309,933.00","510,374.00"
1007438,Wayne,SILV,20901,RLU,AP,"1,310,324.00","486,521.00"
310775,Orchard,SILV,20904,RLU,AP,"1,313,239.00","515,976.00"
1066415,Carroll,TAKO,20912,ACC,EX,"1,311,439.00","478,653.00"
1066073,Maple,TAKO,20912,RLU,PE,"1,308,792.00","477,904.00"
3161376,Sycamore,TAKO,20912,ACC,EX,"1,311,388.00","476,745.00"
335786,Brantford,SILV,20904,ACC,PE,"1,314,205.00","507,147.00"
1210897,Kerwin,SILV,20901,RLU,AP,"1,307,540.00","496,292.00"
1009461,Bradford,SILV,20901,RLU,AP,"1,310,173.00","487,535.00"
1066927,Maple,TAKO,20912,ACC,EX,"1,311,243.00","481,026.00"
2013903,Pleasant Grove,SILV,20904,RLU,AP,"1,311,087.00","516,324.00"
3069897,Cricket Hil,GERM,20874,RLU,AP,"1,232,394.00","539,844.00"
3145558,Sligo Creek,TAKO,20912,ACC,EX,"1,311,063.00","480,978.00"
3328093,Heartfields,SILV,20904,ACC,EX,"1,314,949.00","503,063.00"
1056028,Colesville,SILV,20910,ACC3,LI,"1,305,635.00","486,902.00"
3163433,Garland,TAKO,20912,RLU,AP,"1,313,959.00","480,261.00"
3168641,Cole,TAKO,20912,ACC,EX,"1,314,605.00","480,857.00"
3175305,Glenside,TAKO,20912,ACC,EX,"1,314,588.00","479,774.00"
1398152,University,SILV,20901,ACC,PE,"1,313,691.00","486,070.00"
335046,Montclair,SILV,20904,RLU,AP,"1,315,741.00","508,471.00"
280245,Nolcrest,SILV,20903,ACC,LI,"1,314,482.00","496,436.00"
1359663,Chester,TAKO,20912,ACC,PE,"1,313,782.00","482,105.00"
333583,Downs,SILV,20904,ACC,LI,"1,317,069.00","507,160.00"
1237247,Dalewood,SILV,20906,RLU,AP,"1,293,533.00","508,390.00"
1179051,Monterrey,WHEA,20902,RLU,AP,"1,294,464.00","501,874.00"
1026591,Upton,KENS,20895,RLU,AP,"1,295,542.00","500,162.00"
1193440,Epping,SILV,20906,RLU,AP,"1,295,101.00","508,168.00"
1027802,West,KENS,20895,ACC,LI,"1,294,182.00","499,726.00"
3144873,Kenton,SILV,20902,RLU,AP,"1,293,668.00","500,691.00"
1180538,Kingtree,SILV,20902,ACC,LI,"1,295,020.00","503,123.00"
1185427,Veirs Mill,SILV,20902,ACC,LI,"1,295,641.00","500,964.00"
1099756,Eccleston,SILV,20902,ACC,PE,"1,298,014.00","493,833.00"
1181486,Arcola,SILV,20910,RLU,AP,"1,297,403.00","502,668.00"
1418730,Louis,SILV,20910,ACC3,LI,"1,299,093.00","487,410.00"
1089336,16TH,SILV,20910,RLU,AP,"1,300,830.00","486,970.00"
1331842,Monticello,SILV,20902,RLU,AP,"1,304,031.00","501,542.00"
1104490,Homestead,SILV,20902,ACC,EX,"1,297,655.00","494,837.00"
1393651,Channing,SILV,20902,ACC,LI,"1,300,731.00","501,453.00"
1177096,Henderson,SILV,20902,RLU,AP,"1,297,509.00","504,195.00"
2412831,Monroe,SILV,20910,ACC,LI,"1,298,970.00","489,197.00"
2650616,Morningmist,SILV,20906,RLU,PE,"1,300,527.00","524,103.00"
1461937,Turnmore,SILV,20906,RLU,AP,"1,299,726.00","515,577.00"
2258768,Ewood,SILV,20906,ACC3,LI,"1,298,349.00","511,712.00"
1003180,Stanton,SILV,20910,ACC,LI,"1,295,385.00","490,287.00"
1394963,Marymont,SILV,20906,ACC,EX,"1,298,946.00","526,213.00"
1431246,Woodland,SILV,20910,ACC,LI,"1,301,756.00","488,284.00"
1955888,Ridgecroft,BRKV,20833,RLU,AP,"1,298,072.00","562,907.00"
1089941,Grace Church,SILV,20910,ACC3,LI,"1,299,775.00","486,434.00"
1396528,Bucknell,SILV,20902,ACC,EX,"1,299,258.00","502,263.00"
2743937,Cutstone,SILV,20905,RLU,AP,"1,304,512.00","522,739.00"
959961,Orebaugh,SILV,20902,RLU,AP,"1,301,929.00","502,989.00"
1417963,Luzerne,SILV,20910,ACC,LI,"1,299,704.00","487,837.00"
1868382,Town Line,SILV,20906,ACC,EX,"1,301,267.00","514,545.00"
1431086,Noyes,SILV,20910,ACC3,LI,"1,304,558.00","485,903.00"
1057991,Tulip,TAKO,20912,ACC3,PE,"1,309,080.00","476,951.00"
1076403,Cedar,TAKO,20912,ACC,EX,"1,308,663.00","478,024.00"
1081160,Ritchie,SILV,20910,RLU,AP,"1,309,613.00","480,627.00"
1367960,Nicholas,SILV,20902,ACC,LI,"1,302,336.00","499,951.00"
1081455,Spruce,TAKO,20912,ACC,EX,"1,309,459.00","476,976.00"
987456,Richmond,SILV,20910,ACC,PE,"1,306,041.00","481,571.00"
2829182,Briggs,SILV,20906,ACC,EX,"1,299,043.00","510,940.00"
990625,Ritchie,SILV,20910,ACC,EX,"1,308,511.00","481,514.00"
1079337,Holly,TAKO,20912,ACC,EX,"1,307,846.00","477,829.00"
1337280,Admiralty,SILV,20910,RLU,AP,"1,301,418.00","490,713.00"
1063968,Park,TAKO,20912,RLU,AP,"1,309,617.00","477,573.00"
1073956,Holly,TAKO,20912,ACC,EX,"1,307,872.00","478,364.00"
1418012,16th,SILV,20910,ACC,EX,"1,300,700.00","487,791.00"
2395597,Silverstone,SILV,20904,RLU,AP,"1,306,208.00","524,233.00"
1065067,Holly,TAKO,20912,RLU,AP,"1,307,992.00","478,589.00"
2540814,Yeatman,SILV,20902,RLU,AP,"1,305,367.00","502,664.00"
1059567,Holly,TAKO,20912,ACC,EX,"1,307,746.00","477,652.00"
2856744,Riviera,SILV,20904,RLU,AP,"1,306,124.00","511,255.00"
1459752,Arbor View,SILV,20902,ACC3,PE,"1,302,933.00","508,400.00"
2813302,Alderton,SILV,20906,RLU,AP,"1,302,634.00","516,179.00"
2676518,Bromley,SILV,20902,RLU,PE,"1,305,271.00","502,567.00"
1048110,Silver Spring,SILV,20910,RLU,AP,"1,307,378.00","482,771.00"
1028555,Deerfield,SILV,20910,RLU,AP,"1,307,548.00","484,243.00"
1077247,Cedar,TAKO,20912,ACC,EX,"1,308,453.00","477,954.00"
1063092,Cedar,TAKO,20912,ACC,EX,"1,308,548.00","477,846.00"
1629330,Brighton Knolls,BRIN,20862,RLU,AP,"1,305,434.00","552,446.00"
2171643,Heather Crest,SILV,20902,ACC,LI,"1,303,157.00","501,746.00"
1351350,Loxford,SILV,20901,ACC,LI,"1,306,748.00","499,382.00"
1075498,Birch,TAKO,20912,ACC,EX,"1,308,418.00","478,036.00"
1030981,St Andrews,SILV,20901,ACC,PE,"1,306,414.00","489,049.00"
951511,Gabel,SILV,20901,ACC,PE,"1,305,005.00","497,706.00"
1107505,Grayson,SILV,20901,RLU,AP,"1,307,146.00","493,241.00"
1059556,Park,TAKO,20912,ACC,EX,"1,309,609.00","477,969.00"
1058927,Hancock,TAKO,20912,RLU,AP,"1,310,037.00","478,030.00"
1011167,Flower,SILV,20901,RLU,AP,"1,310,206.00","487,734.00"
1367470,Hannes,SILV,20901,ACC,LI,"1,308,846.00","498,552.00"
1063833,Grant,TAKO,20912,ACC,EX,"1,310,026.00","478,141.00"
956650,Kemp Mill,SILV,20902,RLU,AP,"1,305,144.00","507,775.00"
3175500,Westmoreland,TAKO,20912,ACC3,LI,"1,310,862.00","474,281.00"
1032466,Cavalier,SILV,20901,ACC3,LI,"1,308,041.00","497,454.00"
1077316,Grant,TAKO,20912,ACC,EX,"1,310,077.00","478,418.00"
1062543,Sherman,TAKO,20912,ACC,EX,"1,310,536.00","479,046.00"
1041302,Silver Spring,SILV,20910,ACC,EX,"1,306,182.00","482,700.00"
2924110,Overton,SILV,20904,RLU,AP,"1,310,126.00","516,417.00"
990658,Chesapeake,SILV,20910,ACC,EX,"1,307,654.00","481,458.00"
1322791,Belgrade,SILV,20902,RLU,PE,"1,305,513.00","500,802.00"
1377104,Reading,SILV,20901,ACC,LI,"1,310,508.00","485,004.00"
313778,Overton,SILV,20904,RLU,AP,"1,308,494.00","515,502.00"
1042853,Pershing,SILV,20910,ACC,EX,"1,306,014.00","485,019.00"
984258,Kemp Mill,SILV,20902,RLU,AP,"1,305,235.00","507,594.00"
1047228,Cedar,SILV,20910,ACC,LI,"1,305,898.00","484,880.00"
2171563,Tucker,ASHT,20861,RLU,AP,"1,312,835.00","537,621.00"
1221845,Gleason,WHEA,20902,RLU,AP,"1,302,699.00","496,631.00"
1048052,Silver Spring,SILV,20910,ACC,PE,"1,306,479.00","482,736.00"
1064006,Sligo Creek,TAKO,20912,ACC,EX,"1,310,685.00","481,961.00"
1379615,University,SILV,20901,RLU,AP,"1,306,864.00","494,866.00"
3219912,Ashton,ASHT,20861,RLU,PE,"1,313,261.00","542,066.00"
1047183,Easley,SILV,20910,RLU,AP,"1,307,082.00","483,368.00"
1163807,Remington,SILV,20902,RLU,AP,"1,308,735.00","505,122.00"
1408172,Browning,TAKO,20912,RLU,AP,"1,312,264.00","483,856.00"
345808,Piping Rock,SILV,20905,RLU,PE,"1,310,393.00","520,620.00"
1685506,Dustin,BURT,20866,RLU,AP,"1,333,009.00","531,328.00"
913913,Comus,CLAR,20871,ACC,LI,"1,217,166.00","575,667.00"
595411,Ridge,BETH,20817,ACC,LI,"1,277,010.00","485,843.00"
1234335,Feldon,SILV,20906,RLU,PE,"1,290,805.00","509,299.00"
1068686,Maple,TAKO,20912,ACC,EX,"1,311,142.00","481,556.00"
3501740,Fairland,SILV,20910,RLU,PE,"1,314,363.00","512,951.00"
2870940,Greenbriar,POTO,20854,RLU,AP,"1,243,860.00","508,698.00"
3253556,Falconcrest,GERM,20874,RLU,AP,"1,229,811.00","540,778.00"
544046,West Virginia,BETH,20814,RLU,AP,"1,285,797.00","482,254.00"
1185770,Veirs Mill,SILV,20902,RLU,AP,"1,294,147.00","501,954.00"
3207058,Springer,BETH,20817,RLU,AP,"1,274,294.00","481,491.00"
586941,Greentree,BETH,20817,RLU,AP,"1,277,972.00","485,867.00"
3520377,Stonington,SILV,20902,RLU,AP,"1,307,025.00","504,826.00"
1058780,Sycamore,TAKO,20912,ACC3,LI,"1,310,905.00","477,362.00"
3595281,Howard Chapel,DAMA,20872,RLU,PE,"1,261,437.00","594,880.00"
3051780,Conrad Spring,BOYD,20841,RLU,AP,"1,220,673.00","568,649.00"
666826,Sinnott,BETH,20817,ACC3,PE,"1,276,063.00","493,564.00"
3356400,Primula,LAYT,20882,RLU,AP,"1,263,566.00","577,739.00"
1734697,River,POTO,20854,ACC,LI,"1,234,361.00","504,840.00"
1336161,Cory,WHEA,20902,RLU,AP,"1,297,216.00","504,879.00"
1825565,Royal Dominion,BETH,20817,RLU,AP,"1,268,452.00","480,358.00"
344074,Eldrid,SILV,20904,ACC3,LI,"1,309,408.00","509,443.00"
709881,Mt Everest,SILV,20906,ACC,LI,"1,295,816.00","528,801.00"
594360,Lowell,BETH,20817,ACC,LI,"1,276,727.00","485,450.00"
1971126,Blue Violet,GAIT,20879,RLU,AP,"1,262,774.00","546,280.00"
1324607,Hyde,SILV,20902,ACC3,PE,"1,306,682.00","502,109.00"
2651371,Kaul,GERM,20876,RLU,AP,"1,252,251.00","559,879.00"
338665,Broadmore,SILV,20904,RLU,AP,"1,315,707.00","510,401.00"
356265,Chartwell,SILV,20904,RLU,AP,"1,307,710.00","511,468.00"
1450728,Queensguard,SILV,20906,ACC3,LI,"1,300,726.00","517,399.00"
1330621,Charlton,SILV,20902,ACC,LI,"1,308,295.00","501,615.00"
891735,Toulone,POTO,20854,RLU,AP,"1,260,066.00","503,058.00"
253732,Schindler,SILV,20903,ACC3,FC,"1,315,135.00","496,411.00"
2535635,Preakness,DAMA,20872,RLU,AP,"1,249,366.00","578,210.00"
1080996,Buffalo,TAKO,20912,RLU,AP,"1,306,680.00","478,591.00"
1148813,Sundale,SILV,20910,ACC3,LI,"1,299,059.00","485,622.00"
310695,Orchard,SILV,20904,RLU,AP,"1,315,351.00","515,684.00"
2043272,Showbarn,DAMA,20872,RLU,AP,"1,253,167.00","580,915.00"
3219650,Iron Gate,ROCK,20854,RLU,PE,"1,256,005.00","493,926.00"
2265525,Hourglass,GERM,20876,ACC,EX,"1,243,919.00","558,046.00"
289198,New Hampshire,SILV,20903,ACC,EX,"1,318,023.00","494,538.00"
336600,Briggs Chaney,SILV,20905,RLU,AP,"1,325,968.00","517,532.00"
468226,Brookville,CHEV,20815,ACC,LI,"1,292,034.00","479,027.00"
502304,Wiscasset,BETH,20816,ACC,PE,"1,275,632.00","473,496.00"
2524665,Holly Leaf,BETH,20817,RLU,AP,"1,258,761.00","480,550.00"
1019403,Dupont,KENS,20895,ACC,LI,"1,291,732.00","496,994.00"
448467,Maryland,BETH,20816,ACC,PE,"1,278,061.00","465,553.00"
271651,Norwood,SILV,20905,ACC,EX,"1,306,531.00","530,584.00"
1252323,Flack,SILV,20906,RLU,AP,"1,297,564.00","507,455.00"
1201005,University,KENS,20895,RLU,AP,"1,293,890.00","498,492.00"
2213954,Wellesley,GLEN,20812,ACC,LI,"1,271,226.00","475,260.00"
474581,Ridgewood,CHEV,20815,RLU,AP,"1,288,585.00","479,582.00"
3051791,Conrad Spring,BOYD,20841,RLU,AP,"1,220,808.00","568,421.00"
2172807,Purcell,POTO,20854,RLU,AP,"1,262,851.00","490,768.00"
711100,Norbrook,OLNE,20832,ACC3,PE,"1,294,822.00","534,056.00"
284983,Mantz,SILV,20903,RLU,AP,"1,318,686.00","496,153.00"
3162861,Central,TAKO,20912,ACC3,PE,"1,313,471.00","479,863.00"
2279340,Oak Hill,SILV,20905,RLU,AP,"1,321,033.00","534,029.00"
1838022,Hidden Valley,SILV,20904,RLU,AP,"1,320,649.00","511,980.00"
265672,Batson,SPEN,20868,RLU,PE,"1,324,483.00","531,220.00"
337808,Solmar,SILV,20904,ACC3,LI,"1,321,758.00","513,937.00"
1890144,Dustin,BURT,20866,RLU,AP,"1,335,980.00","529,416.00"
3004298,Stratford Garden,SILV,20904,ACC,EX,"1,319,936.00","508,898.00"
338200,Broadmore,SILV,20904,ACC,LI,"1,315,156.00","511,287.00"
3134885,Mc Knew,BURT,20866,ACC,PE,"1,334,646.00","523,579.00"
306168,Nolcrest,SILV,20903,RLU,AP,"1,315,341.00","497,856.00"
2214628,Memory,SILV,20904,RLU,AP,"1,328,159.00","509,961.00"
257728,Armond,SILV,20905,RLU,AP,"1,320,227.00","530,037.00"
333685,Eastbourne,SILV,20904,RLU,AP,"1,315,584.00","508,116.00"
250886,Briggs Chaney,SILV,20905,ACC3,LI,"1,324,536.00","517,023.00"
348618,Kathryn,SILV,20904,RLU,AP,"1,314,968.00","503,536.00"
376252,Cabinwood,SILV,20904,ACC3,LI,"1,316,395.00","511,548.00"
286242,Gatewood,SILV,20903,ACC,LI,"1,320,594.00","494,908.00"
3393093,Briggs Chaney,SILV,20905,RLU,AP,"1,325,438.00","516,693.00"
297108,Parham,SILV,20903,RLU,AP,"1,318,300.00","491,030.00"
375554,Cullen,SILV,20905,RLU,AP,"1,319,269.00","519,567.00"
C000208,Daleshire,BURT,20866,ACC,EX,"1,331,765.00","516,529.00"
3159841,Forest Dale,SILV,20903,ACC3,LI,"1,321,388.00","494,174.00"
2421937,Sugar Pine,BURT,20866,RLU,AP,"1,334,198.00","523,116.00"
3052784,Starcrest,SILV,20904,RLU,AP,"1,323,884.00","514,577.00"
2014612,Cabin Creek,BURT,20866,ACC,LI,"1,325,226.00","521,265.00"
3497500,New Hampshire,BRKV,20833,RLU,AP,"1,301,389.00","561,108.00"
337397,Parallel,SILV,20904,ACC,EX,"1,322,351.00","515,644.00"
364232,Bellevue,SILV,20904,ACC,EX,"1,328,362.00","508,053.00"
285761,Parkman,SILV,20903,RLU,AP,"1,316,887.00","494,717.00"
337182,Solmar,SILV,20904,ACC3,LI,"1,321,040.00","513,676.00"
363102,Shanandale,SILV,20904,RLU,PE,"1,324,829.00","508,696.00"
768583,Alden,GAIT,20877,ACC,LI,"1,259,319.00",
1009302,Stockton,SILV,20901,RLU,AP,"1,309,758.00","488,959.00"
1816424,Prince John,BURT,20866,RLU,AP,"1,325,470.00","521,871.00"
3543460,Penny,SILV,20904,RLU,AP,"1,325,512.00","510,551.00"
3746787,Congressional,POTO,20854,RLU,PE,"1,257,100.00","486,407.00"
258632,Graybill,BURT,20866,RLU,AP,"1,330,734.00","523,479.00"
486772,Wilson,BETH,20814,RLU,AP,"1,280,825.00","480,783.00"
321528,Batchelors,SILV,20904,ACC3,LI,"1,322,847.00","515,437.00"
3257053,Novak,BURT,20866,RLU,AP,"1,326,626.00","523,353.00"
481371,Spring,CABI,20818,RLU,AP,"1,265,454.00","477,546.00"
3179176,Ethan Allen,TAKO,20912,ACC,PE,"1,312,529.00","477,470.00"
1888948,Dustin,BURT,20866,RLU,AP,"1,332,710.00","530,961.00"
3450616,Ethel Rose,BOYD,20841,RLU,AP,"1,237,393.00","563,607.00"
2187045,Rising Wind,SILV,20905,ACC3,LI,"1,316,828.00","521,224.00"
2834634,Grassy Knoll,GERM,20874,RLU,AP,"1,248,369.00","551,074.00"
3310260,Polynesian,BOYD,20841,RLU,AP,"1,228,138.00","544,683.00"
3041906,Mocking Bird,DARN,20878,RLU,AP,"1,230,791.00","520,284.00"
1354375,Indian Spring,SILV,20901,ACC,EX,"1,311,389.00","490,629.00"
929246,Woodview,DAMA,20872,RLU,AP,"1,246,611.00","603,918.00"
13786,Goshen,GAIT,20879,RLU,AP,"1,259,662.00","558,737.00"
90487,White Flint,KENS,20895,ACC3,LI,"1,282,411.00","499,963.00"
1075181,Manor,TAKO,20912,ACC,EX,"1,311,068.00","477,722.00"
2535577,Secretariat,DAMA,20872,RLU,AP,"1,248,896.00","578,345.00"
1241581,Randolph,SILV,20902,ACC,LI,"1,291,960.00","506,847.00"
1141036,Parkwood,BETH,20814,ACC3,LI,"1,286,501.00","490,328.00"
1382511,Loree,ROCK,20853,ACC,LI,"1,285,460.00","515,672.00"
505502,Wapakoneta,BETH,20816,ACC,EX,"1,277,416.00","471,965.00"
2867007,Lake Potomac,POTO,20854,RLU,AP,"1,243,015.00","505,423.00"
2672395,Jockey Club,DAMA,20872,RLU,AP,"1,249,384.00","576,855.00"
1307922,Beaver,ROCK,20853,RLU,AP,"1,289,858.00","511,717.00"
728428,Queen Mary,OLNE,20832,RLU,AP,"1,289,910.00","538,262.00"
2703087,Dry Ridge,MONT,20886,RLU,AP,"1,265,000.00","552,315.00"
3381528,Ridge,MTRY,21771,RLU,AP,"1,258,232.00","607,231.00"
134183,Pilgrims,ROCK,20855,ACC,PE,"1,274,924.00","535,952.00"
1040730,Silver Spring,SILV,20910,ACC3,LI,"1,306,244.00","482,451.00"
1119981,Bucknell,SILV,20902,ACC,PE,"1,299,650.00","496,501.00"
3375802,Rosemont,NBTH,20852,RLU,AP,"1,276,038.00","497,745.00"
1225535,Farthing,SILV,20906,ACC,LI,"1,292,795.00","508,395.00"
1154120,Hillridge,KENS,20895,RLU,AP,"1,292,881.00","491,482.00"
589977,Kentbury,BETH,20814,RLU,AP,"1,288,453.00","481,711.00"
469471,Summerfield,CHEV,20815,RLU,AP,"1,292,010.00","475,746.00"
2609997,Meredith,DERW,20855,RLU,AP,"1,279,469.00","551,809.00"
1092972,Arcola,SILV,20902,ACC3,PE,"1,298,563.00","502,887.00"
1481456,Coles Chance,NPOT,20878,RLU,AP,"1,244,454.00","522,256.00"
534253,Greentree,BETH,20817,ACC,LI,"1,280,362.00","485,785.00"
4920,Riggs,LAYT,20882,RLU,AP,"1,280,977.00","561,114.00"
1567761,New Hampshire,ASHT,20861,RLU,AP,"1,307,768.00","544,410.00"
1039002,Thayer,SILV,20910,ACC3,FD,"1,305,896.00","482,933.00"
935225,Kings Valley,GERM,20876,RLU,AP,"1,247,673.00","577,807.00"
984635,Mississippi,SILV,20910,ACC,EX,"1,308,654.00","481,985.00"
1224928,Connecticut,SILV,20906,ACC3,LI,"1,291,351.00","506,745.00"
3331934,Kings Crossing,BOYD,20841,RLU,AP,"1,224,939.00","544,745.00"
1273108,Heathfield,ROCK,20853,RLU,AP,"1,288,017.00","516,924.00"
522005,Delfield,CHEV,20815,RLU,AP,"1,292,754.00","479,741.00"
2741962,Crossland,NPOT,20878,RLU,AP,"1,235,741.00","516,627.00"
2441376,Lake Potomac,POTO,20854,RLU,AP,"1,240,420.00","501,824.00"
1080952,Tulip,TAKO,20912,ACC,EX,"1,308,353.00","477,393.00"
399993,Marmary,GAIT,20878,ACC3,LI,"1,241,987.00","534,975.00"
74658,Macon,ROCK,20852,ACC,EX,"1,285,197.00","504,281.00"
1290661,Greenly,SILV,20906,ACC,EX,"1,289,950.00","507,826.00"
1336434,Judson,SILV,20902,RLU,AP,"1,296,342.00","505,241.00"
946946,Seneca View,GAIT,20882,RLU,AP,"1,265,523.00","582,941.00"
1523995,Thornapple,CHEV,20815,ACC,LI,"1,291,755.00","479,265.00"
637471,Rockhurst,BETH,20817,ACC,EX,"1,276,902.00","491,243.00"
134376,Neilwood,ROCK,20852,RLU,AP,"1,276,922.00","502,117.00"
1292192,Neola,SILV,20906,RLU,AP,"1,290,064.00","510,371.00"
445828,Barrett,BETH,20814,RLU,AP,"1,281,793.00","478,005.00"
3374911,Edwards Ferry,POOL,20837,RLU,PE,"1,180,372.00","528,273.00"
537746,Dorset,CHEV,20815,RLU,AP,"1,286,082.00","473,705.00"
1271838,Adrian,ROCK,20853,RLU,AP,"1,285,998.00","508,348.00"
3316288,Old Baltimore,OLNE,20832,RLU,PE,"1,293,733.00","535,283.00"
852222,Persimmon Tree,POTO,20854,ACC,LI,"1,254,923.00","490,388.00"
3305172,Tapwood,BOYD,20841,RLU,AP,"1,229,213.00","544,155.00"
583231,Greentree,BETH,20817,RLU,AP,"1,273,126.00","488,223.00"
1805487,Watkins,GAIT,20882,RLU,AP,"1,256,641.00","570,622.00"
444733,Bradley,CHEV,20815,ACC,PE,"1,282,992.00","477,262.00"
1159838,East West,SILV,20910,RLU,PE,"1,298,501.00","484,006.00"
1284693,Lantern,SILV,20902,ACC,PE,"1,289,826.00","502,597.00"
1199481,Drumm,KENS,20895,ACC,LI,"1,294,063.00","497,327.00"
697474,Farnham,BETH,20814,ACC3,LI,"1,278,535.00","494,025.00"
559880,Massachusetts,BETH,20816,ACC,LI,"1,279,112.00","471,335.00"
93446,Smoketree,POTO,20854,ACC3,LI,"1,265,623.00","505,095.00"
1342253,Adrian,ROCK,20853,ACC3,PE,"1,286,687.00","507,850.00"
2668495,Montgomery,SILV,20910,ACC,LI,"1,298,689.00","488,465.00"
1307556,Littleton,SILV,20906,RLU,AP,"1,289,114.00","510,386.00"
3706406,MacArthur,BETH,20816,ACC,EX,"1,275,523.00","470,099.00"
906735,Sorrel,POTO,20854,ACC3,LI,"1,255,392.00","493,639.00"
1177963,Fenimore,SILV,20902,ACC,EX,"1,295,400.00","501,916.00"
910828,Vantage,POTO,20854,RLU,AP,"1,261,346.00","496,208.00"
1013953,University,SILV,20901,RLU,AP,"1,312,077.00","489,234.00"
2294287,Deckman,SILV,20906,RLU,AP,"1,297,882.00","514,582.00"
2959643,River View,POTO,20854,RLU,AP,"1,246,887.00","496,141.00"
1071296,Davis,TAKO,20912,ACC,EX,"1,313,158.00","479,793.00"
323323,Randolph,SILV,20904,RLU,AP,"1,309,503.00","512,100.00"
89717,Orleans,KENS,20895,RLU,AP,"1,283,667.00","501,513.00"
2953145,Stedmall,GAIT,20886,RLU,AP,"1,263,408.00","554,160.00"
2829205,Briggs,SILV,20906,ACC,EX,"1,299,262.00","510,945.00"
2544457,Tomlinson,CABI,20818,RLU,AP,"1,266,691.00","477,468.00"
692940,Falmouth,BETH,20816,RLU,AP,"1,281,578.00","469,388.00"
939074,Oak,DAMA,20872,ACC,LI,"1,249,371.00","583,467.00"
359942,Palermo,SILV,20904,RLU,AP,"1,327,624.00","507,143.00"
1061140,Jackson,TAKO,20912,ACC,EX,"1,312,312.00","478,562.00"
2747401,Meyer Point,POTO,20854,RLU,AP,"1,255,125.00","486,942.00"
3581444,Yellowwood,CLAR,20871,RLU,AP,"1,244,841.00","572,279.00"
1250528,Randolph,SILV,20902,ACC,PE,"1,297,310.00","506,736.00"
1293595,Terrace,CHEV,20815,ACC3,LI,"1,295,206.00","483,910.00"
1080440,Ritchie,TAKO,20912,ACC,EX,"1,309,919.00","480,634.00"
444232,Honeywell,BETH,20814,ACC3,LI,"1,281,172.00","479,319.00"
2006406,Hobart,SILV,20904,ACC,PE,"1,316,801.00","514,339.00"
3388132,Norbeck Farm,OLNE,20832,ACC3,FC,"1,298,950.00","532,411.00"
270430,Spencerville,SPEN,20868,RLU,AP,"1,317,996.00","528,278.00"
2236636,Wonder View,NPOT,20878,RLU,AP,"1,240,360.00","521,745.00"
513147,Southwick,BETH,20817,RLU,AP,"1,280,871.00","485,432.00"
3204660,Canterfield,GERM,20876,RLU,AP,"1,240,823.00","566,200.00"
295691,Oakview,SILV,20903,ACC,EX,"1,315,868.00","491,508.00"
296068,Moffet,SILV,20903,RLU,AP,"1,318,042.00","491,883.00"
372846,Pebblestone,SILV,20905,ACC,EX,"1,305,872.00","519,987.00"
1726573,New Hampshire,BRIN,20862,RLU,AP,"1,304,864.00","553,715.00"
286105,Mantz,SILV,20903,RLU,AP,"1,318,588.00","496,266.00"
2278414,Sorrel,POTO,20854,RLU,AP,"1,258,401.00","492,121.00"
3136075,Pierce Point,ROCK,20854,RLU,AP,"1,257,512.00","484,165.00"
2771081,Chinaberry,NO P,20878,ACC3,LI,"1,240,137.00","525,109.00"
2942448,Hershfield,SILV,20904,ACC,EX,"1,324,925.00","509,358.00"
1890100,Dustin,BURT,20866,RLU,PE,"1,335,296.00","528,954.00"
3379605,Boland Farm,GERM,20874,ACC,LI,"1,242,068.00","556,132.00"
2843935,Stable,POTO,20854,RLU,PE,"1,249,108.00","479,163.00"
3029595,Notley,SILV,20904,RLU,AP,"1,310,214.00","515,579.00"
1357117,Carmody,SILV,20902,ACC,EX,"1,300,598.00","498,458.00"
313175,La Grande,SILV,20903,ACC3,LI,"1,315,669.00","494,927.00"
1384246,Brad,ROCK,20853,ACC,LI,"1,286,763.00","518,011.00"
2910044,Grey Castle,SILV,20903,RLU,AP,"1,319,048.00","490,591.00"
3232417,Woodfield,GAIT,20882,RLU,AP,"1,264,667.00","560,125.00"
722991,New Hampshire,BRKV,20833,ACC,LI,"1,306,286.00","556,573.00"
3043632,Brighton Dam,BRKV,20833,ACC,LI,"1,297,744.00","551,357.00"
298227,Dilston,SILV,20903,ACC,EX,"1,316,614.00","491,534.00"
1306767,Renn,ROCK,20853,ACC,EX,"1,287,025.00","515,608.00"
535326,Falstone,CHEV,20815,RLU,PE,"1,284,073.00","473,307.00"
1395615,Arcola,SILV,20902,ACC3,LI,"1,301,454.00","502,923.00"
1397922,Heron,SILV,20901,ACC,EX,"1,314,248.00","486,150.00"
1720873,Cripplegate,POTO,20854,RLU,AP,"1,245,517.00","489,259.00"
1350025,Playford,SILV,20901,RLU,AP,"1,308,037.00","499,044.00"
983551,Estona,WHEA,20902,ACC,LI,"1,295,110.00","500,678.00"
1524055,Darnestown,DARN,20878,ACC3,FD,"1,231,252.00","524,113.00"
1813820,Elmwood,BETH,20815,RLU,AP,"1,282,294.00","475,910.00"
1091170,1st,SILV,20910,ACC3,FC,"1,301,791.00","486,313.00"
3413261,Cherry Branch,CLAR,20871,RLU,AP,"1,239,245.00","574,285.00"
3157911,Lincoln,TAKO,20912,ACC,EX,"1,311,589.00","478,796.00"
712673,Holiday,BRKV,20833,RLU,AP,"1,294,311.00","553,934.00"
617553,Pauline,CHEV,20815,RLU,AP,"1,293,456.00","481,504.00"
3253603,Lubar,BRKV,20833,RLU,AP,"1,296,633.00","553,114.00"
367361,Wellwood,SILV,20905,ACC3,LI,"1,309,419.00","521,816.00"
1275574,Vandalia,ROCK,20853,RLU,AP,"1,288,902.00","514,365.00"
3144851,Kenton,SILV,20902,ACC3,FD,"1,293,477.00","500,700.00"
775896,Darnestown,ROCK,20850,RLU,AP,"1,253,266.00","521,355.00"
2523034,83rd,CABI,20818,RLU,PE,"1,263,804.00","476,034.00"
2287305,Autumn Ridge,SILV,20906,RLU,AP,"1,301,122.00","513,352.00"
2361172,Ridge,ROCK,20853,ACC,EX,"1,284,258.00","538,287.00"
4133,Warfield,GAIT,20882,ACC3,FC,"1,263,683.00","555,111.00"
519086,Woodlawn,CHEV,20815,RLU,AP,"1,281,937.00","475,204.00"
507831,Walhonding,BETH,20816,RLU,AP,"1,277,350.00","472,024.00"
2491894,Orchard View,GAIT,20878,ACC3,LI,"1,240,896.00","530,713.00"
1068345,Sherman,TAKO,20912,ACC,EX,"1,310,566.00","478,975.00"
302126,Arbor Hill,SILV,20903,RLU,AP,"1,316,042.00","491,691.00"
3230965,Firestone,SILV,20905,RLU,AP,"1,309,626.00","530,286.00"
646486,Marbury,BETH,20817,ACC,PE,"1,277,910.00","480,539.00"
483142,78th,CABI,20818,ACC,EX,"1,266,993.00","476,408.00"
1281212,Keating,ROCK,20853,ACC,LI,"1,287,727.00","513,892.00"
2953260,Stedmall,MONT,20886,RLU,AP,"1,263,589.00","554,365.00"
369702,Watergate,SILV,20905,RLU,AP,"1,309,466.00","522,793.00"
635712,Rockhurst,BETH,20817,RLU,AP,"1,276,413.00","491,076.00"
697246,Berkshire,BETH,20814,ACC,PE,"1,278,312.00","493,992.00"
962684,Horde,SILV,20902,RLU,PE,"1,300,011.00","498,421.00"
2761481,Hawkins Creamery,GAIT,20882,RLU,AP,"1,268,680.00","576,083.00"
433650,Acacia,BETH,20814,ACC3,LI,"1,284,010.00","488,355.00"
2870951,Greenbriar,POTO,20854,RLU,AP,"1,243,654.00","508,340.00"
2909147,Country Club,BETH,20817,RLU,AP,"1,260,605.00","480,053.00"
2183322,Cavendish,SILV,20905,RLU,AP,"1,316,812.00","518,583.00"
2211545,Beethoven,SILV,20904,RLU,AP,"1,328,422.00","510,493.00"
3277404,Walking Crest,SILV,20906,RLU,AP,"1,299,027.00","511,353.00"
283567,Winifred,BURT,20866,RLU,AP,"1,327,165.00","526,257.00"
2351628,Tulip,TAKO,20912,ACC,EX,"1,307,978.00","477,713.00"
3575660,River Quarry,BETH,20817,RLU,AP,"1,267,007.00","482,999.00"
1760413,River,POTO,20854,RLU,AP,"1,235,308.00","503,721.00"
650444,Durbin,BETH,20814,RLU,AP,"1,280,758.00","479,778.00"
3035541,Goshen Valley,GAIT,20882,RLU,AP,"1,260,601.00","563,746.00"
2711043,Broad,BETH,20816,ACC,LI,"1,278,554.00","463,829.00"
1336797,Admiralty,SILV,20910,ACC3,LI,"1,301,407.00","491,002.00"
1003043,Linden,SILV,20910,ACC,LI,"1,295,850.00","489,822.00"
3326972,Antares,GAIT,20879,RLU,AP,"1,271,081.00","543,920.00"
868193,Rock Run,POTO,20854,RLU,AP,"1,248,828.00","483,664.00"
1279823,Harlan,ROCK,20853,ACC3,FD,"1,285,790.00","513,886.00"
1998650,Veirs Mill,SILV,20906,ACC,LI,"1,290,307.00","504,863.00"
1392793,Woodedge,SILV,20906,ACC,LI,"1,296,790.00","511,986.00"
1110638,Hereford,SILV,20901,ACC,PE,"1,306,625.00","493,652.00"
1598088,Balantre,POTO,20854,RLU,AP,"1,248,942.00","500,826.00"
1711,Damascus,LAYT,20882,ACC,LI,"1,283,808.00","571,360.00"
1465605,Grayslake,SILV,20906,RLU,AP,"1,300,072.00","527,329.00"
645744,Pomander,CHEV,20815,RLU,AP,"1,294,488.00","478,711.00"
508117,Madawaska,BETH,20816,RLU,AP,"1,276,424.00","470,639.00"
513067,Southwick,BETH,20817,RLU,AP,"1,280,114.00","485,516.00"
631122,Woodhaven,BETH,20817,ACC,PE,"1,275,065.00","483,344.00"
1190286,Renfrew,SILV,20901,RLU,PE,"1,305,621.00","493,640.00"
115214,Gainsborough,POTO,20854,RLU,AP,"1,268,251.00","503,313.00"
2379176,Broadmore,SILV,20904,RLU,AP,"1,314,683.00","511,654.00"
1092312,Parker,SILV,20902,RLU,AP,"1,298,028.00","503,497.00"
3114535,Crownsgate,GERM,20874,RLU,AP,"1,232,026.00","542,945.00"
859165,Laurel Oak,BETH,20817,RLU,AP,"1,266,360.00","488,641.00"
693762,Stardust,BETH,20817,ACC,LI,"1,276,829.00","476,272.00"
1864076,Springer,BETH,20817,ACC,LI,"1,274,609.00","481,024.00"
3217935,Richter Farm,BOYD,20841,RLU,AP,"1,228,200.00","541,641.00"
626488,Maiden,BETH,20817,RLU,AP,"1,276,783.00","479,668.00"
3288806,Kenilworth,GARR,20896,RLU,AP,"1,284,144.00","500,375.00"
1301982,Camelot,ROCK,20853,ACC,LI,"1,284,386.00","512,174.00"
3183750,Earl,BETH,20817,ACC,PE,"1,267,284.00","485,557.00"
677432,Leland,CHEV,20815,RLU,AP,"1,285,412.00","478,167.00"
676051,Greenlawn,BETH,20814,RLU,AP,"1,279,627.00","493,166.00"
1433314,Highland,SILV,20910,RLU,AP,"1,302,341.00","487,753.00"
3175032,Larch,TAKO,20912,ACC,EX,"1,314,583.00","477,575.00"
294311,Northwest,SILV,20901,ACC,LI,"1,312,746.00","499,099.00"
2899127,Lancraft,DARN,20874,RLU,AP,"1,226,134.00","520,949.00"
448582,Valley,BETH,20816,RLU,AP,"1,277,391.00","465,658.00"
84418,Luxmanor,NBTH,20852,RLU,PE,"1,277,295.00","501,168.00"
1065375,Flower,TAKO,20912,RLU,PE,"1,311,858.00","481,701.00"
84817,Huntover,ROCK,20852,RLU,AP,"1,276,039.00","499,791.00"
73530,Patapsco,ROCK,20852,RLU,AP,"1,285,762.00","501,289.00"
3547822,Pilots Landing,DARN,20878,RLU,PE,"1,235,494.00","521,395.00"
2873737,Caplinger,SILV,20903,RLU,AP,"1,316,137.00","503,023.00"
129005,Saint James,ROCK,20850,RLU,AP,"1,254,655.00","507,922.00"
2151634,Gary,POTO,20854,RLU,AP,"1,252,261.00","493,068.00"
2794856,Fox Meadow,POTO,20854,RLU,AP,"1,256,807.00","486,037.00"
1098865,Haywood,SILV,20902,RLU,AP,"1,297,031.00","493,715.00"
2551407,Newbridge,POTO,20854,RLU,AP,"1,258,703.00","491,054.00"
129517,Over Ridge,POTO,20854,ACC,EX,"1,261,335.00","508,127.00"
866638,Harrington,POTO,20854,ACC,PE,"1,260,219.00","488,121.00"
855087,Fenway,BETH,20817,RLU,AP,"1,263,006.00","485,115.00"
1468778,Plum Creek,GAIT,20882,RLU,AP,"1,263,192.00","556,258.00"
3233844,Woodfield,GAIT,20882,RLU,AP,"1,263,688.00","564,359.00"
121705,Bunnell,POTO,20854,RLU,PE,"1,261,273.00","502,846.00"
3290638,Gladys Farm,GAIT,20882,RLU,AP,"1,260,582.00","565,874.00"
2362861,Cape Jasmine,GAIT,20879,ACC,LI,"1,261,883.00","543,541.00"
1755702,Mineral Springs,GAIT,20877,ACC,EX,"1,266,865.00","541,049.00"
2063656,Blue Smoke,GAIT,20879,RLU,AP,"1,260,940.00","550,919.00"
2910363,Tea Rose,GAIT,20879,RLU,AP,"1,263,278.00","542,810.00"
3110138,Delta,LAYT,20882,RLU,AP,"1,266,527.00","557,238.00"
482114,77th,CABI,20818,ACC,PE,"1,267,208.00","476,884.00"
510623,University,GLEN,20812,ACC,EX,"1,271,635.00","474,836.00"
3349927,Bradley,BETH,20817,RLU,AP,"1,271,088.00","487,969.00"
2553532,Cinnabar,GAIT,20879,ACC3,FC,"1,268,436.00","552,947.00"
848093,Old Seven Locks,BETH,20817,ACC3,LI,"1,267,138.00","483,224.00"
2013446,Cushman,ROCK,20878,RLU,AP,"1,274,404.00","501,092.00"
96085,Tilden,ROCK,20852,RLU,AP,"1,270,897.00","501,687.00"
653881,Maryknoll,BETH,20817,RLU,AP,"1,272,529.00","481,970.00"
584532,Cranbrook,BETH,20817,RLU,AP,"1,274,610.00","485,061.00"
668027,Loring,BETH,20817,ACC3,LI,"1,273,864.00","483,426.00"
726305,Pinetree,ROCK,20853,RLU,AP,"1,287,996.00","529,724.00"
2966400,Seabrook,MONT,20886,RLU,AP,"1,268,181.00","553,550.00"
1282182,Parkland,ROCK,20853,RLU,AP,"1,287,516.00","514,339.00"
755694,Powder House,ROCK,20853,ACC3,PE,"1,285,533.00","533,545.00"
2630948,Hitchcock,OLNE,20832,RLU,AP,"1,295,555.00","538,392.00"
1245362,Bond,SILV,20902,ACC3,LI,"1,294,140.00","506,265.00"
3018706,Valley,ROCK,20850,RLU,AP,"1,252,553.00","514,338.00"
1079771,Eastern,TAKO,20912,ACC,EX,"1,309,613.00","475,325.00"
573403,Wyngate,BETH,20817,ACC3,LI,"1,277,781.00","489,359.00"
1396118,Bucknell,WHEA,20902,RLU,AP,"1,299,355.00","501,463.00"
1366602,Lombardy,SILV,20901,RLU,AP,"1,308,714.00","497,989.00"
880220,Tuckerman,POTO,20854,ACC,EX,"1,259,573.00","503,529.00"
3446,Griffith,LAYT,20882,RLU,AP,"1,282,007.00","570,212.00"
733152,Patuxent,ASHT,20861,ACC,LI,"1,316,720.00","538,370.00"
3097031,Bluebell,OLNE,20832,RLU,AP,"1,283,671.00","541,407.00"
1090120,First,SILV,20910,ACC,LI,"1,302,051.00","485,998.00"
100543,Raymond,POTO,20854,ACC3,LI,"1,263,715.00","500,902.00"
U 474660,Maple,BETH,20814,ACC3,LI,"1,285,903.00","482,617.00"
285420,Naglee,SILV,20903,RLU,AP,"1,317,049.00","495,539.00"
1536907,Dustin,BURT,20866,RLU,AP,"1,335,348.00","530,299.00"
1080917,Carroll,TAKO,20912,ACC,EX,"1,311,887.00","479,209.00"
1182960,Newport Mill,SILV,20902,RLU,AP,"1,294,042.00","502,036.00"
871828,Charred Oak,BETH,20817,RLU,AP,"1,265,716.00","487,753.00"
2224387,Ednor,SILV,20905,RLU,AP,"1,312,376.00","535,130.00"
2338768,Snowy Owl,SILV,20901,RLU,AP,"1,309,487.00","496,282.00"
439521,Park,BETH,20816,ACC,LI,"1,285,175.00","469,432.00"
2798626,Davis Mill,GERM,20874,RLU,AP,"1,247,349.00","569,441.00"
3125813,Dufief Mill,NO P,20878,RLU,PE,"1,248,202.00","521,755.00"
693000,Falmouth,BETH,20816,RLU,AP,"1,282,121.00","469,458.00"
2449463,Randolph,ROCK,20852,RLU,AP,"1,284,798.00","505,324.00"
260544,Spencerville,SPEN,20868,ACC,LI,"1,321,426.00","527,731.00"
1589381,Sweepstakes,DAMA,20872,RLU,AP,"1,251,254.00","580,514.00"
2468648,Chrisman Hill,BOYD,20841,ACC,LI,"1,227,323.00","558,137.00"
1068447,Flower,TAKO,20912,ACC,EX,"1,312,927.00","479,870.00"
2870643,Palatine,POTO,20854,RLU,AP,"1,245,299.00","508,657.00"
947815,Moyer,DAMA,20872,ACC3,FC,"1,255,092.00","582,503.00"
1910436,Blue Valley,SILV,20904,ACC,LI,"1,321,740.00","511,197.00"
2753743,Hunting Hill,NPOT,20878,RLU,AP,"1,241,283.00","514,976.00"
3248652,Primrose,CHEV,20815,RLU,AP,"1,290,550.00","476,541.00"
333743,Eastbourne,SILV,20904,ACC,EX,"1,315,713.00","507,874.00"
1823817,Gold Mine,BRKV,20833,RLU,AP,"1,304,581.00","550,103.00"
304488,Quaint Acres,SILV,20904,RLU,AP,"1,312,699.00","503,010.00"
495685,Hampden,BETH,20814,RLU,AP,"1,279,900.00","482,631.00"
555654,Acacia,BETH,20814,ACC,LI,"1,281,986.00","487,922.00"
1294054,Dameron,SILV,20902,ACC,EX,"1,302,707.00","492,824.00"
529314,Rosedale,BETH,20814,ACC3,FC,"1,285,438.00","482,867.00"
1755677,Mineral Springs,GAIT,20877,ACC,PE,"1,266,691.00","541,108.00"
1141798,Parkwood,BETH,20814,ACC,LI,"1,284,655.00","494,247.00"
869858,Carteret,BETH,20817,ACC,PE,"1,267,223.00","487,875.00"
1884894,Partnership,POOL,20837,RLU,AP,"1,204,858.00","529,682.00"
2999114,Barnesville,BOYD,20841,RLU,AP,"1,217,073.00","557,784.00"
3061722,Cervantes,DARN,20874,RLU,AP,"1,229,014.00","520,754.00"
2809710,High Meadow,NPOT,20878,RLU,AP,"1,237,466.00","519,192.00"
21126,Prices Distillery,CLAR,20871,RLU,PE,"1,235,532.00","593,074.00"
2130437,Braemar Crescent,DARN,20878,RLU,AP,"1,231,228.00","521,851.00"
1827473,Canal Vista,POTO,20854,ACC3,LI,"1,232,221.00","505,311.00"
3361086,Ashleigh Greene,BOYD,20841,RLU,AP,"1,228,145.00","543,787.00"
3197951,Mt Prospect,ROCK,20850,ACC3,FD,"1,242,438.00","514,135.00"
2336075,Cloverdale,GERM,20874,RLU,PE,"1,232,796.00","557,145.00"
577024,Lindale,BETH,20817,ACC,EX,"1,278,271.00","489,822.00"
3395800,Quince Orchard,NPOT,20878,RLU,AP,"1,240,376.00","523,167.00"
2738645,Turley,NO P,20878,RLU,AP,"1,240,669.00","523,836.00"
2968682,Morning Star,GERM,20876,RLU,AP,"1,241,828.00","565,258.00"
2492295,Mc Donald Chapel,GAIT,20878,RLU,PE,"1,240,529.00","529,698.00"
1080850,Ritchie,SILV,20910,RLU,AP,"1,309,481.00","480,388.00"
949107,Bellehaven,DAMA,20872,RLU,AP,"1,248,742.00","582,658.00"
879391,Alloway,POTO,20854,RLU,PE,"1,248,289.00","488,872.00"
2980902,Martins Dairy,OLNE,20832,RLU,AP,"1,291,074.00","533,538.00"
814373,Parkridge,GAIT,20878,RLU,AP,"1,244,311.00","539,727.00"
1681122,Treva,GERM,20876,RLU,AP,"1,247,634.00","561,405.00"
913068,Falls Bridge,POTO,20854,ACC,LI,"1,252,629.00","489,750.00"
942460,Haney,DAMA,20872,RLU,PE,"1,247,300.00","593,255.00"
3072428,Flanagan,GERM,20876,RLU,AP,"1,247,991.00","549,396.00"
3506731,Ridge,DAMA,20872,RLU,AP,"1,248,494.00","580,051.00"
1589984,Sweepstakes,DAMA,20872,RLU,AP,"1,250,648.00","580,785.00"
1782410,Donovan,GAIT,20879,ACC,EX,"1,249,479.00","546,864.00"
847497,Brickyard,POTO,20854,RLU,AP,"1,248,233.00","485,749.00"
2655414,Watts Mine,POTO,20854,RLU,AP,"1,253,670.00","486,338.00"
897880,Edge Park,POTO,20854,RLU,AP,"1,254,414.00","505,158.00"
2762350,Newbridge,POTO,20854,RLU,AP,"1,257,870.00","489,822.00"
3011944,Sweetwood,ROCK,20850,RLU,PE,"1,251,028.00","517,143.00"
2650401,Preakness,DAMA,20872,RLU,AP,"1,249,329.00","579,683.00"
2926346,Pennywise,GAIT,20877,ACC3,LI,"1,256,912.00","544,025.00"
2653927,Avenel Farm,POTO,20854,RLU,AP,"1,255,852.00","486,492.00"
1369478,Cable,KENS,20895,ACC,PE,"1,287,894.00","490,815.00"
1339437,Havard,SILV,20906,ACC,PE,"1,288,368.00","508,111.00"
1261167,Spruell,KENS,20895,ACC,LI,"1,289,656.00","499,858.00"
2164738,Cashell,ROCK,20853,ACC,LI,"1,288,901.00","533,484.00"
628636,Cedar,BETH,20814,ACC,LI,"1,286,362.00","489,277.00"
1144702,Thornwood,KENS,20895,ACC,PE,"1,287,635.00","493,364.00"
1172835,Sigsbee,SILV,20906,RLU,PE,"1,287,200.00","505,319.00"
628578,Cedar,BETH,20814,ACC,LI,"1,286,364.00","489,191.00"
1343417,Conger,SILV,20906,ACC,LI,"1,288,628.00","507,443.00"
1869490,Norwood,CHEV,20815,ACC3,LI,"1,286,054.00","476,723.00"
458320,Lenox,CHEV,20815,RLU,AP,"1,288,717.00","475,146.00"
467984,Windsor,CHEV,20815,ACC,EX,"1,291,902.00","480,090.00"
628157,Parkhill,BETH,20814,ACC,LI,"1,287,324.00","488,214.00"
1374624,London,ROCK,20853,ACC,LI,"1,289,669.00","517,240.00"
1157670,Colston,CHEV,20815,ACC3,LI,"1,297,006.00","482,777.00"
1922024,Baileys,SILV,20906,ACC,LI,"1,295,518.00","525,214.00"
701464,Georgia,BRKV,20833,RLU,AP,"1,294,772.00","552,754.00"
1137205,Jennings,KENS,20895,RLU,PE,"1,293,820.00","496,814.00"
3288921,Georgia,BRKV,20833,ACC,LI,"1,294,769.00","553,623.00"
1458028,Heritage,SILV,20906,RLU,AP,"1,296,519.00","517,381.00"
1317282,Estelle,SILV,20906,RLU,AP,"1,293,609.00","511,467.00"
1415394,Layhill,SILV,20906,ACC,LI,"1,299,076.00","509,750.00"
967130,Glenhaven,SILV,20902,ACC,LI,"1,300,120.00","499,300.00"
1149271,Dennis,SILV,20901,RLU,AP,"1,304,606.00","494,006.00"
1090107,Lanier,SILV,20910,ACC,LI,"1,299,840.00","487,402.00"
1101086,Haywood,SILV,20902,RLU,AP,"1,297,246.00","493,946.00"
1175202,Henderson,WHEA,20902,RLU,PE,"1,297,610.00","504,152.00"
1395397,Yates,SILV,20902,RLU,AP,"1,301,499.00","501,779.00"
1002835,Wilton,SILV,20910,RLU,AP,"1,295,350.00","489,757.00"
1268671,Bucknell,WHEA,20902,ACC,LI,"1,299,177.00","499,969.00"
528684,Rosedale,BETH,20814,ACC3,FD,"1,286,402.00","482,899.00"
1347643,Osborn,SILV,20910,ACC,LI,"1,298,960.00","489,749.00"
260943,Johnson,SILV,20905,RLU,AP,"1,306,678.00","524,985.00"
1113200,Forest Grove,SILV,20902,ACC3,FC,"1,301,723.00","493,516.00"
1393423,Channing,SILV,20902,ACC,LI,"1,300,698.00","501,907.00"
1070042,Maple,TAKO,20912,ACC,EX,"1,309,129.00","478,025.00"
1337440,Forest Glen,SILV,20910,ACC,LI,"1,300,459.00","491,222.00"
1106396,Greenock,SILV,20901,ACC,EX,"1,306,061.00","492,311.00"
1075237,Boston,TAKO,20912,ACC,EX,"1,307,659.00","479,670.00"
956433,Springvale,SILV,20910,RLU,AP,"1,305,749.00","485,742.00"
281980,Old Orchard,SILV,20905,ACC3,FD,"1,308,537.00","531,413.00"
1069180,Hodges,TAKO,20912,ACC,EX,"1,308,324.00","479,536.00"
1099244,Douglas,SILV,20902,ACC3,LI,"1,299,126.00","494,289.00"
376467,Springloch,SILV,20904,ACC,PE,"1,305,598.00","508,539.00"
1225810,Fairly,SILV,20906,ACC3,FC,"1,291,215.00","507,451.00"
1312198,Ferrara,SILV,20906,ACC,EX,"1,289,699.00","504,793.00"
3188318,Wintersweet,ROCK,20853,RLU,AP,"1,289,558.00","526,838.00"
541191,Chase,BETH,20814,ACC,LI,"1,286,549.00","481,877.00"
1242893,Everton,WHEA,20906,RLU,AP,"1,291,082.00","506,935.00"
1249677,Huggins,SILV,20902,ACC,EX,"1,291,142.00","503,279.00"
1151775,Hillridge,KENS,20895,ACC3,PE,"1,292,899.00","491,090.00"
1786873,Cherokee,OLNE,20832,RLU,AP,"1,290,634.00","537,537.00"
1386520,Oakvale,ROCK,20853,ACC,EX,"1,286,501.00","517,924.00"
728997,John Carroll,OLNE,20832,RLU,AP,"1,292,023.00","538,509.00"
763023,Treadway,BRKV,20833,RLU,AP,"1,292,973.00","547,882.00"
1136906,Plyers Mill,SILV,20902,ACC,LI,"1,295,254.00","496,497.00"
426222,Western,CHEV,20815,RLU,AP,"1,294,301.00","477,872.00"
531330,Rollingwood,CHEV,20815,ACC,LI,"1,293,874.00","478,969.00"
1246721,Feldon,SILV,20906,ACC,LI,"1,290,957.00","509,408.00"
506483,Massachusetts,BETH,20816,ACC,LI,"1,277,778.00","472,305.00"
641848,Rockhurst,BETH,20817,RLU,AP,"1,274,586.00","490,796.00"
640057,Crathie,BETH,20816,ACC,PE,"1,272,863.00","475,770.00"
2883838,Fernwood,BETH,20817,ACC,LI,"1,273,981.00","487,410.00"
2096496,Founders Mill,ROCK,20855,RLU,AP,"1,269,845.00","536,237.00"
1785071,Hollingsworth,DERW,20855,RLU,AP,"1,275,923.00","539,552.00"
561848,Nahant,BETH,20816,ACC,LI,"1,278,902.00","470,480.00"
580328,Hempstead,BETH,20817,RLU,AP,"1,279,461.00","487,277.00"
619448,Lenox,BETH,20817,ACC3,LI,"1,279,030.00","478,663.00"
507580,Massachusetts,BETH,20816,RLU,AP,"1,276,804.00","473,130.00"
659477,Fernwood,BETH,20817,ACC,LI,"1,274,554.00","487,567.00"
619698,Whittier,BETH,20817,RLU,AP,"1,277,051.00","477,928.00"
638236,Earlham,BETH,20817,ACC,LI,"1,275,281.00","490,301.00"
84863,Huntover,ROCK,20852,RLU,AP,"1,275,304.00","499,845.00"
696812,St Albans,BETH,20814,ACC,LI,"1,279,569.00","495,654.00"
585718,Bradmoor,BETH,20817,ACC,LI,"1,278,332.00","483,778.00"
518548,Shadow,CHEV,20815,RLU,AP,"1,281,774.00","475,782.00"
634661,Belhaven,BETH,20817,ACC,EX,"1,277,232.00","491,350.00"
508287,Wyoming,BETH,20816,ACC3,PE,"1,276,227.00","470,375.00"
580990,Bradmoor,BETH,20817,ACC,LI,"1,277,395.00","486,749.00"
631634,Whittier,BETH,20817,RLU,AP,"1,275,513.00","482,452.00"
1796770,Griffith,GAIT,20882,RLU,AP,"1,280,302.00","568,896.00"
428790,Willard,CHEV,20815,ACC,EX,"1,285,228.00","471,857.00"
1142177,Crestwood,KENS,20895,ACC3,LI,"1,285,771.00","493,752.00"
751435,Rocking Spring,ROCK,20853,RLU,PE,"1,281,794.00","523,023.00"
443922,Barrett,BETH,20814,RLU,AP,"1,281,564.00","477,847.00"
622845,Plainview,BETH,20817,ACC3,LI,"1,278,651.00","479,473.00"
116413,Galena,ROCK,20852,ACC,EX,"1,284,911.00","504,703.00"
607953,Ft Sumner,BETH,20816,RLU,AP,"1,279,660.00","469,075.00"
529165,Chestnut,BETH,20814,RLU,AP,"1,285,424.00","483,298.00"
1628368,Broad Brook,BETH,20814,ACC3,PE,"1,284,645.00","490,211.00"
539186,Dorset,CHEV,20815,RLU,AP,"1,285,456.00","473,787.00"
3264036,Fairglen,CHEV,20815,RLU,AP,"1,282,906.00","477,144.00"
1262366,Mitscher,KENS,20895,ACC3,PE,"1,288,532.00","500,509.00"
1258763,Wexford,KENS,20895,ACC,LI,"1,289,200.00","498,704.00"
674198,Elsmere,BETH,20814,RLU,AP,"1,284,238.00","489,979.00"
1443415,Janice,ROCK,20853,RLU,AP,"1,284,041.00","521,028.00"
57882,Montrose,GARR,20896,ACC,EX,"1,285,167.00","499,503.00"
1424514,Russett,ROCK,20853,ACC,LI,"1,282,565.00","516,916.00"
540208,Sleaford,BETH,20814,RLU,AP,"1,286,225.00","481,259.00"
546568,Westwood,BETH,20816,ACC3,LI,"1,282,083.00","466,135.00"
718544,Rocking Spring,ROCK,20853,ACC,EX,"1,281,427.00","523,017.00"
1290400,Helen,SILV,20906,ACC3,LI,"1,289,960.00","508,856.00"
2262965,Botany,GAIT,20878,ACC,EX,"1,248,530.00","521,543.00"
413550,Winesap,NO P,20878,RLU,AP,"1,241,372.00","524,818.00"
2488613,Wagon,SILV,20906,RLU,AP,"1,302,137.00","516,070.00"
1318390,Georgia,SILV,20906,ACC,EX,"1,292,950.00","512,850.00"
1059523,Sligo Creek,TAKO,20912,RLU,AP,"1,310,696.00","481,745.00"
2411200,Waterfowl,ROCK,20853,ACC,LI,"1,283,946.00","527,607.00"
1063536,Sycamore,TAKO,20912,ACC,EX,"1,311,163.00","476,552.00"
1147660,Milford,SILV,20910,RLU,AP,"1,299,779.00","485,061.00"
3106320,Edgemoor,BETH,20814,RLU,AP,"1,283,074.00","479,880.00"
2871011,Tribunal,POTO,20854,RLU,AP,"1,243,960.00","510,165.00"
3646893,Woodfield,GAIT,20882,RLU,AP,"1,263,301.00","563,214.00"
1422253,Russett,ROCK,20853,RLU,AP,"1,282,473.00","518,012.00"
1693871,Riverwood,POTO,20854,RLU,PE,"1,248,642.00","497,372.00"
364117,Palermo,SILV,20904,ACC,EX,"1,327,035.00","508,328.00"
3299946,Bear Creek,BOYD,20841,RLU,AP,"1,228,996.00","544,900.00"
998346,Everett,KENS,20895,RLU,PE,"1,288,778.00","493,093.00"
508686,Wehawken,BETH,20816,RLU,AP,"1,276,961.00","470,056.00"
U 447667,Valley,BETH,20817,ACC3,LI,"1,275,648.00","485,021.00"
2573051,Settlers Landing,NO P,20878,RLU,AP,"1,248,932.00","519,410.00"
515352,Garfield,BETH,20817,RLU,AP,"1,279,312.00","484,160.00"
634422,Singleton,BETH,20817,ACC,LI,"1,276,402.00","490,631.00"
2361161,Ridge,ROCK,20853,RLU,AP,"1,284,348.00","538,519.00"
107340,Old Stage,ROCK,20852,RLU,AP,"1,272,976.00","502,055.00"
1238561,Connecticut,SILV,20906,RLU,AP,"1,291,708.00","507,419.00"
1879306,Alloway,POTO,20854,RLU,PE,"1,250,189.00","486,962.00"
1411055,Falcon,ROCK,20853,RLU,AP,"1,285,583.00","509,560.00"
706843,New Hampshire,BRKV,20833,RLU,AP,"1,304,976.00","557,867.00"
1064280,Buffalo,TAKO,20912,ACC,EX,"1,306,732.00","478,783.00"
1040364,Silver Spring,SILV,20910,ACC,LI,"1,306,980.00","482,756.00"
325776,Lillian,SILV,20904,ACC3,FD,"1,308,150.00","514,269.00"
368718,Cricket,SILV,20904,RLU,PE,"1,307,077.00","518,140.00"
986678,Guilford,SILV,20901,RLU,AP,"1,306,123.00","491,335.00"
1326220,Monticello,SILV,20902,ACC,LI,"1,303,873.00","502,065.00"
2454243,Highland,SILV,20910,ACC,LI,"1,301,497.00","486,938.00"
1046907,Thayer,SILV,20910,RLU,AP,"1,307,168.00","482,981.00"
987445,Philadelphia,SILV,20910,ACC3,PE,"1,306,101.00","480,932.00"
1057353,Takoma,TAKO,20912,RLU,AP,"1,306,647.00","479,498.00"
3052875,Durham,POTO,20854,RLU,AP,"1,258,902.00","486,575.00"
343811,Randolph,SILV,20904,ACC,PE,"1,308,404.00","510,674.00"
1366065,Hannes,SILV,20901,RLU,AP,"1,308,430.00","498,627.00"
383975,Eldrid,SILV,20904,ACC3,FC,"1,312,967.00","509,627.00"
1065730,Elm,TAKO,20912,ACC3,PE,"1,309,940.00","475,752.00"
1432274,Woodland,SILV,20910,ACC,EX,"1,302,916.00","486,513.00"
3061117,Lindsey Manor,SILV,20905,ACC,PE,"1,304,930.00","529,483.00"
1437072,Watson,SILV,20910,ACC,PE,"1,305,521.00","487,986.00"
323983,Marine,SILV,20905,ACC,EX,"1,309,720.00","518,972.00"
1038645,Bennington,SILV,20910,ACC,LI,"1,307,141.00","487,817.00"
717334,Ednor,SILV,20905,ACC,EX,"1,309,797.00","534,444.00"
1074483,Maple,TAKO,20912,RLU,AP,"1,311,263.00","480,890.00"
3172313,Circle,TAKO,20912,ACC,LI,"1,311,547.00","474,986.00"
1881925,Beaumont,SILV,20904,ACC3,LI,"1,310,435.00","513,227.00"
2428745,Cannon,SILV,20904,ACC,LI,"1,312,378.00","511,233.00"
1065774,Manor,TAKO,20912,ACC,EX,"1,311,199.00","478,092.00"
1058860,Maple,TAKO,20912,ACC,EX,"1,311,186.00","481,322.00"
1059900,Sycamore,TAKO,20912,ACC,EX,"1,310,773.00","477,201.00"
3374306,Woodland,TAKO,20912,ACC3,FC,"1,311,434.00","477,008.00"
3174675,Lincoln,TAKO,20912,ACC3,LI,"1,312,839.00","477,840.00"
2230297,Childs,SILV,20901,ACC,EX,"1,310,748.00","497,262.00"
310503,Orchard,SILV,20904,ACC,LI,"1,312,489.00","515,581.00"
328256,Schindler,SILV,20903,ACC3,PE,"1,315,318.00","495,238.00"
260010,Priscilla,SILV,20904,RLU,AP,"1,319,426.00","506,099.00"
1012366,Wire,SILV,20901,ACC3,PE,"1,309,260.00","487,780.00"
3165716,Elm,TAKO,20912,ACC,EX,"1,312,129.00","476,493.00"
2794960,Amina,BURT,20866,RLU,AP,"1,334,080.00","528,595.00"
61565,Shelley,GARR,20896,RLU,AP,"1,286,219.00","497,196.00"
284083,Mc Ceney,SILV,20901,ACC3,FD,"1,313,612.00","497,473.00"
2451284,Schindler,SILV,20903,ACC3,PE,"1,314,951.00","494,381.00"
733232,Hornell,SILV,20905,ACC,EX,"1,315,487.00","537,450.00"
297234,Hedin,SILV,20903,RLU,PE,"1,316,067.00","492,054.00"
309801,Forest Dale,SILV,20903,RLU,AP,"1,320,727.00","493,912.00"
358947,O'Fallon,SILV,20904,ACC,LI,"1,324,930.00","508,025.00"
3432116,Bethesda Church,DAMA,20872,RLU,AP,"1,249,206.00","592,076.00"
361160,O'Fallon,SILV,20904,RLU,AP,"1,325,009.00","508,175.00"
336017,Brantford,SILV,20904,RLU,AP,"1,315,214.00","506,916.00"
2959940,River View,POTO,20854,RLU,AP,"1,246,271.00","495,074.00"
339512,Billington,SILV,20904,ACC,LI,"1,316,857.00","508,210.00"
286606,New Hampshire,SILV,20903,ACC,LI,"1,318,154.00","494,320.00"
273433,Kingshouse,SILV,20905,ACC,EX,"1,322,281.00","522,406.00"
3613426,Wickham,OLNE,20832,RLU,AP,"1,284,082.00","548,379.00"
287691,Oaklawn,SILV,20903,ACC3,FC,"1,317,924.00","495,265.00"
309253,Forest Dale,SILV,20903,RLU,AP,"1,320,520.00","493,781.00"
360848,Castleleigh,SILV,20904,ACC,LI,"1,328,910.00","507,654.00"
3548677,Denit Estates,BRKV,20833,RLU,AP,"1,300,592.00","559,089.00"
3403342,Fairland,SILV,20904,RLU,AP,"1,329,775.00","509,349.00"
256030,Oak Hill,SILV,20905,RLU,AP,"1,321,121.00","533,643.00"
1966745,MacArthur,BETH,20817,RLU,AP,"1,260,987.00","477,126.00"
253286,Falling Creek,SILV,20904,RLU,AP,"1,322,984.00","511,889.00"
261492,Old Lyme,SILV,20905,ACC,LI,"1,309,652.00","520,630.00"
3293288,Sapling Ridge,BRKV,20833,RLU,AP,"1,297,495.00","565,118.00"
3209445,Chandlee Mill,SAND,20860,RLU,AP,"1,304,472.00","546,767.00"
1869397,Birch Springs,SILV,20905,ACC,LI,"1,319,330.00","521,760.00"
1124522,Norbeck,ROCK,20853,RLU,PE,"1,288,034.00","523,731.00"
491038,Wilson,BETH,20814,RLU,AP,"1,283,013.00","480,868.00"
1700807,Spring Meadows,DARN,20874,RLU,AP,"1,227,143.00","520,631.00"
512245,Stratford,BETH,20814,RLU,AP,"1,281,547.00","481,589.00"
2169137,Amity,ROCK,20850,ACC,LI,"1,265,473.00","536,485.00"
556363,Locust,BETH,20814,ACC,LI,"1,281,362.00","488,214.00"
3496697,Jones Mill,CHEV,20815,RLU,AP,"1,294,451.00","487,315.00"
618455,Robinwood,BETH,20817,RLU,AP,"1,277,293.00","479,407.00"
2861422,Potomac Manors,POTO,20854,RLU,AP,"1,251,302.00","492,657.00"
641121,Lone Oak,BETH,20817,ACC3,PE,"1,274,403.00","492,828.00"
503753,Wiscasset,BETH,20816,ACC,LI,"1,276,244.00","473,463.00"
3448908,Pinehurst,CHEV,20815,RLU,AP,"1,295,369.00","479,603.00"
404098,Esworthy,GERM,20874,RLU,PE,"1,230,415.00","514,187.00"
674267,Elsmere,BETH,20814,ACC,LI,"1,283,373.00","489,164.00"
782458,Wheat Fall,DERW,20855,ACC,LI,"1,268,331.00","538,687.00"
1143525,Parkwood,BETH,20814,RLU,AP,"1,284,929.00","492,457.00"
422383,Allandale,BETH,20816,ACC,EX,"1,283,034.00","471,323.00"
271731,Ednor,SILV,20905,RLU,AP,"1,316,049.00","535,953.00"
311393,Snowden,SILV,20905,ACC3,LI,"1,312,286.00","522,958.00"
348356,Nora,SILV,20904,RLU,AP,"1,315,215.00","504,212.00"
1254845,University,SILV,20901,ACC,LI,"1,312,909.00","487,836.00"
1068904,Holly,TAKO,20912,ACC,EX,"1,308,051.00","478,699.00"
998313,Summit,KENS,20895,ACC3,LI,"1,288,564.00","492,214.00"
2828427,Persimmon Tree,POTO,20854,RLU,PE,"1,254,436.00","490,234.00"
3414642,Signal Tree,POTO,20854,RLU,PE,"1,223,879.00","514,093.00"
1807965,Luray,OLNE,20832,ACC,LI,"1,287,981.00","545,762.00"
1359743,Prospect,TAKO,20912,ACC,EX,"1,313,395.00","482,199.00"
64717,Stillwater,KENS,20895,ACC,LI,"1,283,512.00","498,626.00"
1138893,Plyers Mill,SILV,20902,ACC,LI,"1,296,563.00","496,567.00"
2102521,Whitehaven,SILV,20906,RLU,PE,"1,301,130.00","530,041.00"
113113,Mary Cassatt,POTO,20854,ACC3,LI,"1,266,999.00","502,598.00"
1332083,Charlton,SILV,20902,RLU,AP,"1,308,061.00","502,002.00"
1164243,Auth,SILV,20902,RLU,AP,"1,306,110.00","504,954.00"
499810,Jones Bridge,BETH,20814,RLU,AP,"1,286,563.00","484,512.00"
1271190,Parkland,ROCK,20853,ACC3,LI,"1,287,610.00","517,345.00"
597523,Bellevue,BETH,20814,ACC,LI,"1,284,466.00","490,614.00"
1864236,Warfield,GAIT,20882,RLU,AP,"1,258,677.00","556,836.00"
676233,Greenlawn,BETH,20814,ACC,LI,"1,279,076.00","493,148.00"
1288920,Littleton,SILV,20906,ACC,PE,"1,289,645.00","510,751.00"
2211578,Beethoven,SILV,20904,ACC,PE,"1,328,224.00","510,443.00"
671606,Winston,BETH,20817,RLU,AP,"1,275,654.00","476,385.00"
1340868,Havard,SILV,20906,RLU,AP,"1,288,256.00","508,019.00"
1056110,Ellsworth,SILV,20910,ACC,LI,"1,306,279.00","486,831.00"
511230,Wellesley,GLEN,20812,ACC,EX,"1,271,229.00","474,744.00"
107657,Whisperwood,ROCK,20852,ACC,LI,"1,272,533.00","500,062.00"
113465,Seven Locks,POTO,20854,ACC,LI,"1,266,037.00","505,149.00"
3069658,Sanderling,GERM,20874,RLU,AP,"1,231,751.00","540,473.00"
1368428,Ladd,SILV,20902,RLU,AP,"1,302,363.00","500,195.00"
897776,Ledgerock,POTO,20854,RLU,AP,"1,255,020.00","504,866.00"
1080358,Maple,TAKO,20912,RLU,AP,"1,309,058.00","477,900.00"
434016,Persimmon Tree,BETH,20817,ACC,LI,"1,263,606.00","477,499.00"
396363,Germantown,GERM,20874,RLU,AP,"1,228,596.00","533,061.00"
2534562,Saddle River,POTO,20878,RLU,AP,"1,243,088.00","517,997.00"
3497260,Oak Hill,SPEN,20868,RLU,AP,"1,322,209.00","535,528.00"
1361917,Emily,KENS,20895,ACC,EX,"1,291,227.00","500,221.00"
3174174,Allegheny,TAKO,20912,ACC,EX,"1,310,578.00","475,292.00"
727594,Chestnut,ROCK,20853,ACC3,LI,"1,287,655.00","527,221.00"
871965,Carteret,BETH,20817,ACC,LI,"1,266,627.00","487,873.00"
3150167,Windsor Knoll,LAYT,20882,RLU,AP,"1,266,041.00","557,287.00"
3197893,Allnutt,BURT,20866,RLU,AP,"1,326,082.00","527,977.00"
496736,Hampden,BETH,20817,RLU,AP,"1,279,929.00","482,860.00"
1282626,Whitehall,SILV,20901,ACC,PE,"1,304,605.00","496,334.00"
2313600,Greencastle,BURT,20866,RLU,AP,"1,325,925.00","522,584.00"
459277,Taylor,CHEV,20815,ACC3,LI,"1,290,929.00","478,786.00"
1079281,Maple,TAKO,20912,ACC,EX,"1,308,659.00","477,667.00"
614413,Namakagan,BETH,20816,ACC,EX,"1,279,337.00","471,136.00"
1064850,Sycamore,TAKO,20912,ACC,EX,"1,310,951.00","476,900.00"
522893,Leland,CHEV,20815,RLU,AP,"1,287,366.00","478,611.00"
1158311,Grubb,CHEV,20815,ACC,LI,"1,296,287.00","484,192.00"
2978852,Old Baltimore,BRKV,20833,RLU,AP,"1,298,149.00","548,470.00"
3574095,Arora Hills,CLAR,20871,RLU,AP,"1,243,095.00","571,300.00"
3190551,Crownsgate,GERM,20874,RLU,AP,"1,232,498.00","542,606.00"
331697,Fairhill,SILV,20904,ACC,LI,"1,312,291.00","512,825.00"
12758,Exodus,GAIT,20882,RLU,AP,"1,264,860.00","558,172.00"
3215127,Dresden,KENS,20895,RLU,AP,"1,288,630.00","493,337.00"
665731,Westpath,BETH,20816,RLU,AP,"1,276,648.00","468,819.00"
3040684,Linden Grove,SILV,20902,RLU,AP,"1,298,480.00","488,047.00"
1426796,Crestridge,SILV,20910,RLU,AP,"1,302,759.00","489,283.00"
1431100,Colesville,SILV,20910,RLU,PE,"1,305,303.00","486,709.00"
1464372,Wallingford,SILV,20906,ACC3,PE,"1,301,191.00","529,240.00"
945441,Johns,DAMA,20872,RLU,AP,"1,252,341.00","603,627.00"
1485465,Colebrook,POTO,20854,ACC,LI,"1,252,261.00","500,697.00"
77003,Circle,ROCK,20850,ACC3,PE,"1,253,458.00","509,589.00"
700026,Buxton,BETH,20817,RLU,AP,"1,264,583.00","478,166.00"
1133867,11th,SILV,20903,ACC,PE,"1,315,900.00","485,335.00"
3017484,Fairland Park,SILV,20904,RLU,AP,"1,322,771.00","513,557.00"
1118315,Lindell,SILV,20902,ACC,LI,"1,297,831.00","505,550.00"
521648,Shepherd,CHEV,20815,RLU,AP,"1,292,717.00","478,052.00"
342851,Eldrid,SILV,20904,RLU,PE,"1,307,277.00","508,838.00"
986827,Granville,SILV,20901,ACC,LI,"1,307,329.00","490,849.00"
2479482,Harrington,POTO,20854,RLU,AP,"1,259,756.00","488,572.00"
3158254,Signal Tree,GERM,20874,RLU,AP,"1,224,185.00","514,483.00"
1065810,Sligo Creek,TAKO,20912,ACC,EX,"1,311,051.00","481,222.00"
3516386,Kemp Mill,SILV,20902,ACC,LI,"1,305,183.00","504,097.00"
2897653,Summer Mill,BETH,20817,RLU,AP,"1,271,218.00","482,047.00"
1180106,Galt,SILV,20902,RLU,AP,"1,295,794.00","500,897.00"
3281246,Holland Meadow,LAYT,20882,RLU,AP,"1,276,020.00","550,458.00"
2035738,Oaklyn,POTO,20854,RLU,AP,"1,252,031.00","487,209.00"
3157966,Highland Farm,POTO,20854,RLU,AP,"1,245,183.00","501,618.00"
1894951,Wilderness Walk,GAIT,20882,ACC,LI,"1,254,159.00","572,921.00"
2802571,Riviera,SILV,20904,ACC,EX,"1,305,785.00","510,812.00"
2892877,Top Ridge,BOYD,20841,RLU,AP,"1,225,536.00","556,744.00"
1316128,Holdridge,SILV,20906,ACC,LI,"1,292,920.00","512,150.00"
1061630,Piney Branch,TAKO,20912,ACC,EX,"1,307,308.00","477,777.00"
3406004,Lakenheath,POTO,20854,RLU,AP,"1,266,703.00","498,840.00"
2032837,Summertree,ROCK,20853,ACC,EX,"1,285,188.00","532,521.00"
3434387,Martinsburg,DICK,20842,RLU,AP,"1,178,299.00","548,187.00"
3259280,Old Briggs Chaney,SILV,20905,RLU,AP,"1,325,439.00","517,058.00"
2861342,Potomac Manors,POTO,20854,RLU,AP,"1,250,655.00","493,104.00"
602040,Coquelin,CHEV,20815,ACC3,LI,"1,293,908.00","484,091.00"
1230521,Atherton,SILV,20906,RLU,AP,"1,290,902.00","509,922.00"
1004880,Holman,SILV,20910,ACC,EX,"1,297,829.00","491,700.00"
94678,Farmland,ROCK,20852,RLU,AP,"1,271,625.00","501,927.00"
501572,Brandt,BETH,20814,ACC3,LI,"1,285,381.00","484,171.00"
1038510,Colesville,SILV,20901,ACC,PE,"1,307,034.00","488,566.00"
660077,Tulip Hill,BETH,20816,RLU,AP,"1,274,486.00","473,263.00"
1793594,Spring Hill,CHEV,20815,RLU,AP,"1,292,777.00","487,442.00"
2966832,Oyster Bay,GAIT,20886,RLU,AP,"1,268,755.00","553,482.00"
543430,Rodman,BETH,20816,ACC3,LI,"1,284,349.00","469,318.00"
2305906,Pinto,ROCK,20850,ACC3,LI,"1,252,316.00","521,350.00"
2035102,Club View,DAMA,20872,RLU,AP,"1,254,344.00","579,883.00"
395381,Berryville,DARN,20874,RLU,PE,"1,219,278.00","517,090.00"
502406,Mohican,BETH,20816,ACC,EX,"1,275,096.00","471,439.00"
3131791,Mt Prospect,ROCK,20850,RLU,AP,"1,242,644.00","513,479.00"
382481,Aylesbury,SILV,20905,ACC,LI,"1,319,461.00","523,821.00"
280473,Blackburn,BURT,20866,RLU,AP,"1,330,802.00","524,247.00"
1079235,Sycamore,TAKO,20912,ACC,EX,"1,311,029.00","476,773.00"
3068825,Griffith,LAYT,20882,RLU,AP,"1,281,801.00","570,230.00"
2870860,Palatine,POTO,20854,RLU,AP,"1,244,103.00","509,788.00"